file,package,constructors,mapping_calls,long_constructors,review_category
hello-travel-adaptor/src/main/java/com/hellotravel/adaptor/exception/AdaptorErrorCode.java,com.hellotravel.adaptor.exception,0,0,0,protocol_or_IO
hello-travel-adaptor/src/main/java/com/hellotravel/adaptor/exception/AdaptorException.java,com.hellotravel.adaptor.exception,0,0,0,protocol_or_IO
hello-travel-adaptor/src/main/java/com/hellotravel/adaptor/file/output/FileOutAdaptorImpl.java,com.hellotravel.adaptor.file.output,10,0,0,protocol_or_IO
hello-travel-adaptor/src/main/java/com/hellotravel/adaptor/file/output/converter/FileOutputConverter.java,com.hellotravel.adaptor.file.output.converter,4,3,0,output_converter
hello-travel-adaptor/src/main/java/com/hellotravel/adaptor/file/output/model/BoundedTextWriter.java,com.hellotravel.adaptor.file.output.model,2,0,0,protocol_or_IO
hello-travel-adaptor/src/main/java/com/hellotravel/adaptor/http/assembler/AuthInputAssembler.java,com.hellotravel.adaptor.http.assembler,4,3,3,layer_assembler
hello-travel-adaptor/src/main/java/com/hellotravel/adaptor/http/assembler/ChatInputAssembler.java,com.hellotravel.adaptor.http.assembler,6,5,5,layer_assembler
hello-travel-adaptor/src/main/java/com/hellotravel/adaptor/http/assembler/KnowledgeInputAssembler.java,com.hellotravel.adaptor.http.assembler,7,4,3,layer_assembler
hello-travel-adaptor/src/main/java/com/hellotravel/adaptor/http/assembler/SyncInputAssembler.java,com.hellotravel.adaptor.http.assembler,3,3,1,layer_assembler
hello-travel-adaptor/src/main/java/com/hellotravel/adaptor/http/input/AuthController.java,com.hellotravel.adaptor.http.input,0,0,0,protocol_or_IO
hello-travel-adaptor/src/main/java/com/hellotravel/adaptor/http/input/ChatController.java,com.hellotravel.adaptor.http.input,0,0,0,protocol_or_IO
hello-travel-adaptor/src/main/java/com/hellotravel/adaptor/http/input/KnowledgeController.java,com.hellotravel.adaptor.http.input,0,0,0,protocol_or_IO
hello-travel-adaptor/src/main/java/com/hellotravel/adaptor/http/input/SyncController.java,com.hellotravel.adaptor.http.input,0,0,0,protocol_or_IO
hello-travel-adaptor/src/main/java/com/hellotravel/adaptor/http/stream/SyncStreamController.java,com.hellotravel.adaptor.http.stream,10,0,1,protocol_or_IO
hello-travel-adaptor/src/main/java/com/hellotravel/adaptor/http/support/AuthCookies.java,com.hellotravel.adaptor.http.support,1,0,0,protocol_or_IO
hello-travel-adaptor/src/main/java/com/hellotravel/adaptor/http/support/HttpErrors.java,com.hellotravel.adaptor.http.support,0,0,0,protocol_or_IO
hello-travel-adaptor/src/main/java/com/hellotravel/adaptor/http/support/HttpIdentity.java,com.hellotravel.adaptor.http.support,0,0,0,protocol_or_IO
hello-travel-adaptor/src/main/java/com/hellotravel/adaptor/http/support/HttpProtocol.java,com.hellotravel.adaptor.http.support,0,0,0,protocol_or_IO
hello-travel-adaptor/src/main/java/com/hellotravel/adaptor/http/support/HttpResults.java,com.hellotravel.adaptor.http.support,2,0,0,protocol_or_IO
hello-travel-adaptor/src/main/java/com/hellotravel/adaptor/http/support/JsonBodyLimit.java,com.hellotravel.adaptor.http.support,3,0,0,protocol_or_IO
hello-travel-adaptor/src/main/java/com/hellotravel/adaptor/http/support/SessionFilter.java,com.hellotravel.adaptor.http.support,1,0,0,protocol_or_IO
hello-travel-adaptor/src/main/java/com/hellotravel/adaptor/knowledge/output/VectorOutAdaptorImpl.java,com.hellotravel.adaptor.knowledge.output,3,0,0,protocol_or_IO
hello-travel-adaptor/src/main/java/com/hellotravel/adaptor/knowledge/output/converter/VectorOutputConverter.java,com.hellotravel.adaptor.knowledge.output.converter,12,3,0,output_converter
hello-travel-adaptor/src/main/java/com/hellotravel/adaptor/mail/output/MailOutAdaptorImpl.java,com.hellotravel.adaptor.mail.output,2,0,0,protocol_or_IO
hello-travel-adaptor/src/main/java/com/hellotravel/adaptor/mail/output/converter/MailOutputConverter.java,com.hellotravel.adaptor.mail.output.converter,1,1,0,output_converter
hello-travel-adaptor/src/main/java/com/hellotravel/adaptor/model/output/ModelOutAdaptorImpl.java,com.hellotravel.adaptor.model.output,3,0,0,protocol_or_IO
hello-travel-adaptor/src/main/java/com/hellotravel/adaptor/model/output/converter/ModelOutputConverter.java,com.hellotravel.adaptor.model.output.converter,7,2,2,output_converter
hello-travel-adaptor/src/main/java/com/hellotravel/adaptor/model/output/model/ModelStreamHandler.java,com.hellotravel.adaptor.model.output.model,2,0,0,protocol_or_IO
hello-travel-adaptor/src/main/java/com/hellotravel/adaptor/security/output/SecurityOutAdaptorImpl.java,com.hellotravel.adaptor.security.output,14,0,0,protocol_or_IO
hello-travel-adaptor/src/main/java/com/hellotravel/adaptor/security/output/converter/SecurityOutputConverter.java,com.hellotravel.adaptor.security.output.converter,2,2,0,output_converter
hello-travel-adaptor/src/main/java/com/hellotravel/adaptor/travel/output/TravelOutAdaptorImpl.java,com.hellotravel.adaptor.travel.output,5,0,0,protocol_or_IO
hello-travel-adaptor/src/main/java/com/hellotravel/adaptor/travel/output/converter/TravelOutputConverter.java,com.hellotravel.adaptor.travel.output.converter,4,4,0,output_converter
hello-travel-application/src/main/java/com/hellotravel/application/auth/assembler/AuthApplicationAssembler.java,com.hellotravel.application.auth.assembler,2,2,2,layer_assembler
hello-travel-application/src/main/java/com/hellotravel/application/auth/command/AuthCommand.java,com.hellotravel.application.auth.command,0,0,0,application_orchestration
hello-travel-application/src/main/java/com/hellotravel/application/auth/result/AuthResult.java,com.hellotravel.application.auth.result,0,0,0,application_orchestration
hello-travel-application/src/main/java/com/hellotravel/application/auth/service/AuthApplication.java,com.hellotravel.application.auth.service,0,0,0,application_orchestration
hello-travel-application/src/main/java/com/hellotravel/application/auth/workflow/AuthFlow.java,com.hellotravel.application.auth.workflow,37,0,0,application_orchestration
hello-travel-application/src/main/java/com/hellotravel/application/chat/assembler/ChatApplicationAssembler.java,com.hellotravel.application.chat.assembler,12,12,12,layer_assembler
hello-travel-application/src/main/java/com/hellotravel/application/chat/command/ChatCommand.java,com.hellotravel.application.chat.command,0,0,0,application_orchestration
hello-travel-application/src/main/java/com/hellotravel/application/chat/result/ChatResult.java,com.hellotravel.application.chat.result,0,0,0,application_orchestration
hello-travel-application/src/main/java/com/hellotravel/application/chat/result/ConversationResult.java,com.hellotravel.application.chat.result,0,0,0,application_orchestration
hello-travel-application/src/main/java/com/hellotravel/application/chat/result/MessageResult.java,com.hellotravel.application.chat.result,0,0,0,application_orchestration
hello-travel-application/src/main/java/com/hellotravel/application/chat/result/RunResult.java,com.hellotravel.application.chat.result,0,0,0,application_orchestration
hello-travel-application/src/main/java/com/hellotravel/application/chat/service/ChatApplication.java,com.hellotravel.application.chat.service,0,0,0,application_orchestration
hello-travel-application/src/main/java/com/hellotravel/application/chat/workflow/ChatFlow.java,com.hellotravel.application.chat.workflow,33,0,0,application_orchestration
hello-travel-application/src/main/java/com/hellotravel/application/exception/ApplicationErrorCode.java,com.hellotravel.application.exception,0,0,0,application_orchestration
hello-travel-application/src/main/java/com/hellotravel/application/exception/ApplicationException.java,com.hellotravel.application.exception,0,0,0,application_orchestration
hello-travel-application/src/main/java/com/hellotravel/application/file/adaptor/FileOutAdaptor.java,com.hellotravel.application.file.adaptor,0,0,0,application_orchestration
hello-travel-application/src/main/java/com/hellotravel/application/file/assembler/FileCommandAssembler.java,com.hellotravel.application.file.assembler,3,3,0,layer_assembler
hello-travel-application/src/main/java/com/hellotravel/application/file/command/FileCommand.java,com.hellotravel.application.file.command,0,0,0,application_orchestration
hello-travel-application/src/main/java/com/hellotravel/application/jobs/workflow/BackgroundJobs.java,com.hellotravel.application.jobs.workflow,10,0,1,application_orchestration
hello-travel-application/src/main/java/com/hellotravel/application/jobs/workflow/RetentionJobs.java,com.hellotravel.application.jobs.workflow,2,0,0,application_orchestration
hello-travel-application/src/main/java/com/hellotravel/application/knowledge/adaptor/VectorOutAdaptor.java,com.hellotravel.application.knowledge.adaptor,0,0,0,application_orchestration
hello-travel-application/src/main/java/com/hellotravel/application/knowledge/assembler/KnowledgeApplicationAssembler.java,com.hellotravel.application.knowledge.assembler,3,3,1,layer_assembler
hello-travel-application/src/main/java/com/hellotravel/application/knowledge/assembler/VectorCommandAssembler.java,com.hellotravel.application.knowledge.assembler,5,5,5,layer_assembler
hello-travel-application/src/main/java/com/hellotravel/application/knowledge/command/KnowledgeCommand.java,com.hellotravel.application.knowledge.command,0,0,0,application_orchestration
hello-travel-application/src/main/java/com/hellotravel/application/knowledge/command/VectorCommand.java,com.hellotravel.application.knowledge.command,0,0,0,application_orchestration
hello-travel-application/src/main/java/com/hellotravel/application/knowledge/command/VectorItemCommand.java,com.hellotravel.application.knowledge.command,0,0,0,application_orchestration
hello-travel-application/src/main/java/com/hellotravel/application/knowledge/policy/KnowledgeIndexPolicy.java,com.hellotravel.application.knowledge.policy,0,0,0,named_policy
hello-travel-application/src/main/java/com/hellotravel/application/knowledge/result/DocumentResult.java,com.hellotravel.application.knowledge.result,0,0,0,application_orchestration
hello-travel-application/src/main/java/com/hellotravel/application/knowledge/result/KnowledgeResult.java,com.hellotravel.application.knowledge.result,0,0,0,application_orchestration
hello-travel-application/src/main/java/com/hellotravel/application/knowledge/service/KnowledgeApplication.java,com.hellotravel.application.knowledge.service,0,0,0,application_orchestration
hello-travel-application/src/main/java/com/hellotravel/application/knowledge/workflow/KnowledgeFlow.java,com.hellotravel.application.knowledge.workflow,11,0,0,application_orchestration
hello-travel-application/src/main/java/com/hellotravel/application/knowledge/workflow/KnowledgeIndexer.java,com.hellotravel.application.knowledge.workflow,22,0,0,application_orchestration
hello-travel-application/src/main/java/com/hellotravel/application/knowledge/workflow/RagFlow.java,com.hellotravel.application.knowledge.workflow,3,0,0,application_orchestration
hello-travel-application/src/main/java/com/hellotravel/application/mail/adaptor/MailOutAdaptor.java,com.hellotravel.application.mail.adaptor,0,0,0,application_orchestration
hello-travel-application/src/main/java/com/hellotravel/application/mail/assembler/MailCommandAssembler.java,com.hellotravel.application.mail.assembler,1,1,0,layer_assembler
hello-travel-application/src/main/java/com/hellotravel/application/mail/command/MailCommand.java,com.hellotravel.application.mail.command,0,0,0,application_orchestration
hello-travel-application/src/main/java/com/hellotravel/application/memory/assembler/ContextApplicationAssembler.java,com.hellotravel.application.memory.assembler,1,0,0,layer_assembler
hello-travel-application/src/main/java/com/hellotravel/application/memory/workflow/MemoryFlow.java,com.hellotravel.application.memory.workflow,14,0,0,application_orchestration
hello-travel-application/src/main/java/com/hellotravel/application/memory/workflow/PrivacyCleanup.java,com.hellotravel.application.memory.workflow,3,0,0,application_orchestration
hello-travel-application/src/main/java/com/hellotravel/application/model/adaptor/ModelOutAdaptor.java,com.hellotravel.application.model.adaptor,0,0,0,application_orchestration
hello-travel-application/src/main/java/com/hellotravel/application/model/assembler/ModelCommandAssembler.java,com.hellotravel.application.model.assembler,7,7,0,layer_assembler
hello-travel-application/src/main/java/com/hellotravel/application/model/command/ModelCommand.java,com.hellotravel.application.model.command,0,0,0,application_orchestration
hello-travel-application/src/main/java/com/hellotravel/application/model/command/PromptMessageCommand.java,com.hellotravel.application.model.command,0,0,0,application_orchestration
hello-travel-application/src/main/java/com/hellotravel/application/model/policy/ModelContextPolicy.java,com.hellotravel.application.model.policy,1,0,0,named_policy
hello-travel-application/src/main/java/com/hellotravel/application/persistence/DomainWrites.java,com.hellotravel.application.persistence,1,0,0,application_orchestration
hello-travel-application/src/main/java/com/hellotravel/application/persistence/TravelRepositories.java,com.hellotravel.application.persistence,0,0,0,application_orchestration
hello-travel-application/src/main/java/com/hellotravel/application/persistence/assembler/TravelWriteApplicationAssembler.java,com.hellotravel.application.persistence.assembler,34,34,0,layer_assembler
hello-travel-application/src/main/java/com/hellotravel/application/security/adaptor/SecurityOutAdaptor.java,com.hellotravel.application.security.adaptor,0,0,0,application_orchestration
hello-travel-application/src/main/java/com/hellotravel/application/security/assembler/SecurityCommandAssembler.java,com.hellotravel.application.security.assembler,9,9,0,layer_assembler
hello-travel-application/src/main/java/com/hellotravel/application/security/command/SecurityCommand.java,com.hellotravel.application.security.command,0,0,0,application_orchestration
hello-travel-application/src/main/java/com/hellotravel/application/support/ApplicationFailures.java,com.hellotravel.application.support,0,0,0,application_orchestration
hello-travel-application/src/main/java/com/hellotravel/application/support/Json.java,com.hellotravel.application.support,3,0,0,application_orchestration
hello-travel-application/src/main/java/com/hellotravel/application/sync/assembler/SyncApplicationAssembler.java,com.hellotravel.application.sync.assembler,2,2,1,layer_assembler
hello-travel-application/src/main/java/com/hellotravel/application/sync/command/SyncCommand.java,com.hellotravel.application.sync.command,0,0,0,application_orchestration
hello-travel-application/src/main/java/com/hellotravel/application/sync/result/SyncEventResult.java,com.hellotravel.application.sync.result,0,0,0,application_orchestration
hello-travel-application/src/main/java/com/hellotravel/application/sync/result/SyncResult.java,com.hellotravel.application.sync.result,0,0,0,application_orchestration
hello-travel-application/src/main/java/com/hellotravel/application/sync/service/SyncApplication.java,com.hellotravel.application.sync.service,3,0,0,application_orchestration
hello-travel-application/src/main/java/com/hellotravel/application/sync/workflow/SyncEvents.java,com.hellotravel.application.sync.workflow,2,0,0,application_orchestration
hello-travel-application/src/main/java/com/hellotravel/application/travel/adaptor/TravelOutAdaptor.java,com.hellotravel.application.travel.adaptor,0,0,0,application_orchestration
hello-travel-application/src/main/java/com/hellotravel/application/travel/assembler/TravelCommandAssembler.java,com.hellotravel.application.travel.assembler,1,1,0,layer_assembler
hello-travel-application/src/main/java/com/hellotravel/application/travel/command/TravelCommand.java,com.hellotravel.application.travel.command,0,0,0,application_orchestration
hello-travel-application/src/main/java/com/hellotravel/application/travel/workflow/RunCoordinator.java,com.hellotravel.application.travel.workflow,21,0,0,application_orchestration
hello-travel-application/src/main/java/com/hellotravel/application/travel/workflow/TravelGraph.java,com.hellotravel.application.travel.workflow,9,0,0,application_orchestration
hello-travel-application/src/main/java/com/hellotravel/application/tx/Transactions.java,com.hellotravel.application.tx,8,0,0,application_orchestration
hello-travel-client/src/main/java/com/hellotravel/client/auth/request/AuthRequest.java,com.hellotravel.client.auth.request,0,0,0,public_contract
hello-travel-client/src/main/java/com/hellotravel/client/auth/response/AuthResponse.java,com.hellotravel.client.auth.response,0,0,0,public_contract
hello-travel-client/src/main/java/com/hellotravel/client/chat/request/ChatRequest.java,com.hellotravel.client.chat.request,0,0,0,public_contract
hello-travel-client/src/main/java/com/hellotravel/client/chat/response/ChatResponse.java,com.hellotravel.client.chat.response,0,0,0,public_contract
hello-travel-client/src/main/java/com/hellotravel/client/chat/response/ConversationResponse.java,com.hellotravel.client.chat.response,0,0,0,public_contract
hello-travel-client/src/main/java/com/hellotravel/client/chat/response/MessageResponse.java,com.hellotravel.client.chat.response,0,0,0,public_contract
hello-travel-client/src/main/java/com/hellotravel/client/chat/response/RunResponse.java,com.hellotravel.client.chat.response,0,0,0,public_contract
hello-travel-client/src/main/java/com/hellotravel/client/knowledge/request/KnowledgeRequest.java,com.hellotravel.client.knowledge.request,0,0,0,public_contract
hello-travel-client/src/main/java/com/hellotravel/client/knowledge/response/DocumentResponse.java,com.hellotravel.client.knowledge.response,0,0,0,public_contract
hello-travel-client/src/main/java/com/hellotravel/client/knowledge/response/KnowledgeResponse.java,com.hellotravel.client.knowledge.response,0,0,0,public_contract
hello-travel-client/src/main/java/com/hellotravel/client/sync/response/SyncEventResponse.java,com.hellotravel.client.sync.response,0,0,0,public_contract
hello-travel-client/src/main/java/com/hellotravel/client/sync/response/SyncResponse.java,com.hellotravel.client.sync.response,0,0,0,public_contract
hello-travel-common/src/main/java/com/hellotravel/common/error/BaseException.java,com.hellotravel.common.error,0,0,0,common_or_start
hello-travel-common/src/main/java/com/hellotravel/common/error/ErrorCode.java,com.hellotravel.common.error,0,0,0,common_or_start
hello-travel-common/src/main/java/com/hellotravel/common/error/Failures.java,com.hellotravel.common.error,0,0,0,common_or_start
hello-travel-common/src/main/java/com/hellotravel/common/identity/Ids.java,com.hellotravel.common.identity,4,0,0,common_or_start
hello-travel-common/src/main/java/com/hellotravel/common/result/Result.java,com.hellotravel.common.result,3,0,0,common_or_start
hello-travel-domain/src/main/java/com/hellotravel/domain/annotation/DomainService.java,com.hellotravel.domain.annotation,0,0,0,domain_model_or_decision
hello-travel-domain/src/main/java/com/hellotravel/domain/auth/model/aggregate/DeviceAggregate.java,com.hellotravel.domain.auth.model.aggregate,3,0,0,domain_model_or_decision
hello-travel-domain/src/main/java/com/hellotravel/domain/auth/model/aggregate/EmailChallengeAggregate.java,com.hellotravel.domain.auth.model.aggregate,6,0,0,domain_model_or_decision
hello-travel-domain/src/main/java/com/hellotravel/domain/auth/model/aggregate/LoginSessionAggregate.java,com.hellotravel.domain.auth.model.aggregate,5,0,0,domain_model_or_decision
hello-travel-domain/src/main/java/com/hellotravel/domain/auth/model/aggregate/RefreshReceiptAggregate.java,com.hellotravel.domain.auth.model.aggregate,3,0,0,domain_model_or_decision
hello-travel-domain/src/main/java/com/hellotravel/domain/auth/model/aggregate/UserAccountAggregate.java,com.hellotravel.domain.auth.model.aggregate,5,0,0,domain_model_or_decision
hello-travel-domain/src/main/java/com/hellotravel/domain/auth/model/entity/DeviceEntity.java,com.hellotravel.domain.auth.model.entity,4,0,1,domain_model_or_decision
hello-travel-domain/src/main/java/com/hellotravel/domain/auth/model/entity/EmailChallengeEntity.java,com.hellotravel.domain.auth.model.entity,7,0,4,domain_model_or_decision
hello-travel-domain/src/main/java/com/hellotravel/domain/auth/model/entity/LoginSessionEntity.java,com.hellotravel.domain.auth.model.entity,10,0,3,domain_model_or_decision
hello-travel-domain/src/main/java/com/hellotravel/domain/auth/model/entity/RefreshReceiptEntity.java,com.hellotravel.domain.auth.model.entity,2,0,1,domain_model_or_decision
hello-travel-domain/src/main/java/com/hellotravel/domain/auth/model/entity/UserAccountEntity.java,com.hellotravel.domain.auth.model.entity,7,0,3,domain_model_or_decision
hello-travel-domain/src/main/java/com/hellotravel/domain/auth/model/value/SessionCredentialsValue.java,com.hellotravel.domain.auth.model.value,1,0,0,domain_model_or_decision
hello-travel-domain/src/main/java/com/hellotravel/domain/auth/repository/DeviceRepository.java,com.hellotravel.domain.auth.repository,0,0,0,domain_model_or_decision
hello-travel-domain/src/main/java/com/hellotravel/domain/auth/repository/EmailChallengeRepository.java,com.hellotravel.domain.auth.repository,0,0,0,domain_model_or_decision
hello-travel-domain/src/main/java/com/hellotravel/domain/auth/repository/LoginSessionRepository.java,com.hellotravel.domain.auth.repository,0,0,0,domain_model_or_decision
hello-travel-domain/src/main/java/com/hellotravel/domain/auth/repository/RefreshReceiptRepository.java,com.hellotravel.domain.auth.repository,0,0,0,domain_model_or_decision
hello-travel-domain/src/main/java/com/hellotravel/domain/auth/repository/UserAccountRepository.java,com.hellotravel.domain.auth.repository,0,0,0,domain_model_or_decision
hello-travel-domain/src/main/java/com/hellotravel/domain/chat/model/aggregate/ChatRunAggregate.java,com.hellotravel.domain.chat.model.aggregate,7,0,0,domain_model_or_decision
hello-travel-domain/src/main/java/com/hellotravel/domain/chat/model/aggregate/ConversationAggregate.java,com.hellotravel.domain.chat.model.aggregate,6,0,0,domain_model_or_decision
hello-travel-domain/src/main/java/com/hellotravel/domain/chat/model/aggregate/MessageAggregate.java,com.hellotravel.domain.chat.model.aggregate,6,0,0,domain_model_or_decision
hello-travel-domain/src/main/java/com/hellotravel/domain/chat/model/aggregate/ModelInvocationAggregate.java,com.hellotravel.domain.chat.model.aggregate,6,0,0,domain_model_or_decision
hello-travel-domain/src/main/java/com/hellotravel/domain/chat/model/entity/ChatRunEntity.java,com.hellotravel.domain.chat.model.entity,13,0,5,domain_model_or_decision
hello-travel-domain/src/main/java/com/hellotravel/domain/chat/model/entity/ConversationEntity.java,com.hellotravel.domain.chat.model.entity,11,0,4,domain_model_or_decision
hello-travel-domain/src/main/java/com/hellotravel/domain/chat/model/entity/MessageEntity.java,com.hellotravel.domain.chat.model.entity,12,0,4,domain_model_or_decision
hello-travel-domain/src/main/java/com/hellotravel/domain/chat/model/entity/ModelInvocationEntity.java,com.hellotravel.domain.chat.model.entity,8,0,4,domain_model_or_decision
hello-travel-domain/src/main/java/com/hellotravel/domain/chat/repository/ChatRunRepository.java,com.hellotravel.domain.chat.repository,0,0,0,domain_model_or_decision
hello-travel-domain/src/main/java/com/hellotravel/domain/chat/repository/ConversationRepository.java,com.hellotravel.domain.chat.repository,0,0,0,domain_model_or_decision
hello-travel-domain/src/main/java/com/hellotravel/domain/chat/repository/MessageRepository.java,com.hellotravel.domain.chat.repository,0,0,0,domain_model_or_decision
hello-travel-domain/src/main/java/com/hellotravel/domain/chat/repository/ModelInvocationRepository.java,com.hellotravel.domain.chat.repository,0,0,0,domain_model_or_decision
hello-travel-domain/src/main/java/com/hellotravel/domain/exception/DomainErrorCode.java,com.hellotravel.domain.exception,0,0,0,domain_model_or_decision
hello-travel-domain/src/main/java/com/hellotravel/domain/exception/DomainException.java,com.hellotravel.domain.exception,0,0,0,domain_model_or_decision
hello-travel-domain/src/main/java/com/hellotravel/domain/knowledge/model/aggregate/IndexJobAggregate.java,com.hellotravel.domain.knowledge.model.aggregate,5,0,0,domain_model_or_decision
hello-travel-domain/src/main/java/com/hellotravel/domain/knowledge/model/aggregate/KnowledgeChunkAggregate.java,com.hellotravel.domain.knowledge.model.aggregate,5,0,0,domain_model_or_decision
hello-travel-domain/src/main/java/com/hellotravel/domain/knowledge/model/aggregate/KnowledgeDocumentAggregate.java,com.hellotravel.domain.knowledge.model.aggregate,6,0,0,domain_model_or_decision
hello-travel-domain/src/main/java/com/hellotravel/domain/knowledge/model/entity/IndexJobEntity.java,com.hellotravel.domain.knowledge.model.entity,9,0,3,domain_model_or_decision
hello-travel-domain/src/main/java/com/hellotravel/domain/knowledge/model/entity/KnowledgeChunkEntity.java,com.hellotravel.domain.knowledge.model.entity,9,0,3,domain_model_or_decision
hello-travel-domain/src/main/java/com/hellotravel/domain/knowledge/model/entity/KnowledgeDocumentEntity.java,com.hellotravel.domain.knowledge.model.entity,10,0,4,domain_model_or_decision
hello-travel-domain/src/main/java/com/hellotravel/domain/knowledge/model/value/EmbeddingProfileValue.java,com.hellotravel.domain.knowledge.model.value,2,0,0,domain_model_or_decision
hello-travel-domain/src/main/java/com/hellotravel/domain/knowledge/repository/IndexJobRepository.java,com.hellotravel.domain.knowledge.repository,0,0,0,domain_model_or_decision
hello-travel-domain/src/main/java/com/hellotravel/domain/knowledge/repository/KnowledgeChunkRepository.java,com.hellotravel.domain.knowledge.repository,0,0,0,domain_model_or_decision
hello-travel-domain/src/main/java/com/hellotravel/domain/knowledge/repository/KnowledgeDocumentRepository.java,com.hellotravel.domain.knowledge.repository,0,0,0,domain_model_or_decision
hello-travel-domain/src/main/java/com/hellotravel/domain/memory/model/aggregate/MemoryFactAggregate.java,com.hellotravel.domain.memory.model.aggregate,5,0,0,domain_model_or_decision
hello-travel-domain/src/main/java/com/hellotravel/domain/memory/model/aggregate/MemoryFactSourceAggregate.java,com.hellotravel.domain.memory.model.aggregate,3,0,0,domain_model_or_decision
hello-travel-domain/src/main/java/com/hellotravel/domain/memory/model/aggregate/MemorySummaryAggregate.java,com.hellotravel.domain.memory.model.aggregate,4,0,0,domain_model_or_decision
hello-travel-domain/src/main/java/com/hellotravel/domain/memory/model/entity/MemoryFactEntity.java,com.hellotravel.domain.memory.model.entity,7,0,3,domain_model_or_decision
hello-travel-domain/src/main/java/com/hellotravel/domain/memory/model/entity/MemoryFactSourceEntity.java,com.hellotravel.domain.memory.model.entity,3,0,1,domain_model_or_decision
hello-travel-domain/src/main/java/com/hellotravel/domain/memory/model/entity/MemorySummaryEntity.java,com.hellotravel.domain.memory.model.entity,6,0,2,domain_model_or_decision
hello-travel-domain/src/main/java/com/hellotravel/domain/memory/model/value/ContextBudgetValue.java,com.hellotravel.domain.memory.model.value,4,0,0,domain_model_or_decision
hello-travel-domain/src/main/java/com/hellotravel/domain/memory/model/value/FactProposalValue.java,com.hellotravel.domain.memory.model.value,2,0,0,domain_model_or_decision
hello-travel-domain/src/main/java/com/hellotravel/domain/memory/repository/MemoryFactRepository.java,com.hellotravel.domain.memory.repository,0,0,0,domain_model_or_decision
hello-travel-domain/src/main/java/com/hellotravel/domain/memory/repository/MemoryFactSourceRepository.java,com.hellotravel.domain.memory.repository,0,0,0,domain_model_or_decision
hello-travel-domain/src/main/java/com/hellotravel/domain/memory/repository/MemorySummaryRepository.java,com.hellotravel.domain.memory.repository,0,0,0,domain_model_or_decision
hello-travel-domain/src/main/java/com/hellotravel/domain/persistence/model/param/ChatRunRemoveParam.java,com.hellotravel.domain.persistence.model.param,0,0,0,domain_model_or_decision
hello-travel-domain/src/main/java/com/hellotravel/domain/persistence/model/param/ChatRunWriteParam.java,com.hellotravel.domain.persistence.model.param,0,0,0,domain_model_or_decision
hello-travel-domain/src/main/java/com/hellotravel/domain/persistence/model/param/ConversationRemoveParam.java,com.hellotravel.domain.persistence.model.param,0,0,0,domain_model_or_decision
hello-travel-domain/src/main/java/com/hellotravel/domain/persistence/model/param/ConversationWriteParam.java,com.hellotravel.domain.persistence.model.param,0,0,0,domain_model_or_decision
hello-travel-domain/src/main/java/com/hellotravel/domain/persistence/model/param/DeviceRemoveParam.java,com.hellotravel.domain.persistence.model.param,0,0,0,domain_model_or_decision
hello-travel-domain/src/main/java/com/hellotravel/domain/persistence/model/param/DeviceWriteParam.java,com.hellotravel.domain.persistence.model.param,0,0,0,domain_model_or_decision
hello-travel-domain/src/main/java/com/hellotravel/domain/persistence/model/param/EmailChallengeRemoveParam.java,com.hellotravel.domain.persistence.model.param,0,0,0,domain_model_or_decision
hello-travel-domain/src/main/java/com/hellotravel/domain/persistence/model/param/EmailChallengeWriteParam.java,com.hellotravel.domain.persistence.model.param,0,0,0,domain_model_or_decision
hello-travel-domain/src/main/java/com/hellotravel/domain/persistence/model/param/IndexJobRemoveParam.java,com.hellotravel.domain.persistence.model.param,0,0,0,domain_model_or_decision
hello-travel-domain/src/main/java/com/hellotravel/domain/persistence/model/param/IndexJobWriteParam.java,com.hellotravel.domain.persistence.model.param,0,0,0,domain_model_or_decision
hello-travel-domain/src/main/java/com/hellotravel/domain/persistence/model/param/KnowledgeChunkRemoveParam.java,com.hellotravel.domain.persistence.model.param,0,0,0,domain_model_or_decision
hello-travel-domain/src/main/java/com/hellotravel/domain/persistence/model/param/KnowledgeChunkWriteParam.java,com.hellotravel.domain.persistence.model.param,0,0,0,domain_model_or_decision
hello-travel-domain/src/main/java/com/hellotravel/domain/persistence/model/param/KnowledgeDocumentRemoveParam.java,com.hellotravel.domain.persistence.model.param,0,0,0,domain_model_or_decision
hello-travel-domain/src/main/java/com/hellotravel/domain/persistence/model/param/KnowledgeDocumentWriteParam.java,com.hellotravel.domain.persistence.model.param,0,0,0,domain_model_or_decision
hello-travel-domain/src/main/java/com/hellotravel/domain/persistence/model/param/LoginSessionRemoveParam.java,com.hellotravel.domain.persistence.model.param,0,0,0,domain_model_or_decision
hello-travel-domain/src/main/java/com/hellotravel/domain/persistence/model/param/LoginSessionWriteParam.java,com.hellotravel.domain.persistence.model.param,0,0,0,domain_model_or_decision
hello-travel-domain/src/main/java/com/hellotravel/domain/persistence/model/param/MemoryFactRemoveParam.java,com.hellotravel.domain.persistence.model.param,0,0,0,domain_model_or_decision
hello-travel-domain/src/main/java/com/hellotravel/domain/persistence/model/param/MemoryFactSourceRemoveParam.java,com.hellotravel.domain.persistence.model.param,0,0,0,domain_model_or_decision
hello-travel-domain/src/main/java/com/hellotravel/domain/persistence/model/param/MemoryFactSourceWriteParam.java,com.hellotravel.domain.persistence.model.param,0,0,0,domain_model_or_decision
hello-travel-domain/src/main/java/com/hellotravel/domain/persistence/model/param/MemoryFactWriteParam.java,com.hellotravel.domain.persistence.model.param,0,0,0,domain_model_or_decision
hello-travel-domain/src/main/java/com/hellotravel/domain/persistence/model/param/MemorySummaryRemoveParam.java,com.hellotravel.domain.persistence.model.param,0,0,0,domain_model_or_decision
hello-travel-domain/src/main/java/com/hellotravel/domain/persistence/model/param/MemorySummaryWriteParam.java,com.hellotravel.domain.persistence.model.param,0,0,0,domain_model_or_decision
hello-travel-domain/src/main/java/com/hellotravel/domain/persistence/model/param/MessageRemoveParam.java,com.hellotravel.domain.persistence.model.param,0,0,0,domain_model_or_decision
hello-travel-domain/src/main/java/com/hellotravel/domain/persistence/model/param/MessageWriteParam.java,com.hellotravel.domain.persistence.model.param,0,0,0,domain_model_or_decision
hello-travel-domain/src/main/java/com/hellotravel/domain/persistence/model/param/ModelInvocationRemoveParam.java,com.hellotravel.domain.persistence.model.param,0,0,0,domain_model_or_decision
hello-travel-domain/src/main/java/com/hellotravel/domain/persistence/model/param/ModelInvocationWriteParam.java,com.hellotravel.domain.persistence.model.param,0,0,0,domain_model_or_decision
hello-travel-domain/src/main/java/com/hellotravel/domain/persistence/model/param/OutboxEventRemoveParam.java,com.hellotravel.domain.persistence.model.param,0,0,0,domain_model_or_decision
hello-travel-domain/src/main/java/com/hellotravel/domain/persistence/model/param/OutboxEventWriteParam.java,com.hellotravel.domain.persistence.model.param,0,0,0,domain_model_or_decision
hello-travel-domain/src/main/java/com/hellotravel/domain/persistence/model/param/RefreshReceiptRemoveParam.java,com.hellotravel.domain.persistence.model.param,0,0,0,domain_model_or_decision
hello-travel-domain/src/main/java/com/hellotravel/domain/persistence/model/param/RefreshReceiptWriteParam.java,com.hellotravel.domain.persistence.model.param,0,0,0,domain_model_or_decision
hello-travel-domain/src/main/java/com/hellotravel/domain/persistence/model/param/SyncEventRemoveParam.java,com.hellotravel.domain.persistence.model.param,0,0,0,domain_model_or_decision
hello-travel-domain/src/main/java/com/hellotravel/domain/persistence/model/param/SyncEventWriteParam.java,com.hellotravel.domain.persistence.model.param,0,0,0,domain_model_or_decision
hello-travel-domain/src/main/java/com/hellotravel/domain/persistence/model/param/UserAccountRemoveParam.java,com.hellotravel.domain.persistence.model.param,0,0,0,domain_model_or_decision
hello-travel-domain/src/main/java/com/hellotravel/domain/persistence/model/param/UserAccountWriteParam.java,com.hellotravel.domain.persistence.model.param,0,0,0,domain_model_or_decision
hello-travel-domain/src/main/java/com/hellotravel/domain/persistence/service/TravelWriteDomainService.java,com.hellotravel.domain.persistence.service,85,34,0,domain_model_or_decision
hello-travel-domain/src/main/java/com/hellotravel/domain/query/model/value/FilterValue.java,com.hellotravel.domain.query.model.value,0,0,0,domain_model_or_decision
hello-travel-domain/src/main/java/com/hellotravel/domain/query/model/value/QueryValue.java,com.hellotravel.domain.query.model.value,6,0,0,domain_model_or_decision
hello-travel-domain/src/main/java/com/hellotravel/domain/sync/model/aggregate/OutboxEventAggregate.java,com.hellotravel.domain.sync.model.aggregate,5,0,0,domain_model_or_decision
hello-travel-domain/src/main/java/com/hellotravel/domain/sync/model/aggregate/SyncEventAggregate.java,com.hellotravel.domain.sync.model.aggregate,3,0,0,domain_model_or_decision
hello-travel-domain/src/main/java/com/hellotravel/domain/sync/model/entity/OutboxEventEntity.java,com.hellotravel.domain.sync.model.entity,6,0,3,domain_model_or_decision
hello-travel-domain/src/main/java/com/hellotravel/domain/sync/model/entity/SyncEventEntity.java,com.hellotravel.domain.sync.model.entity,2,0,1,domain_model_or_decision
hello-travel-domain/src/main/java/com/hellotravel/domain/sync/repository/OutboxEventRepository.java,com.hellotravel.domain.sync.repository,0,0,0,domain_model_or_decision
hello-travel-domain/src/main/java/com/hellotravel/domain/sync/repository/SyncEventRepository.java,com.hellotravel.domain.sync.repository,0,0,0,domain_model_or_decision
hello-travel-infrastructure/src/main/java/com/hellotravel/infrastructure/TravelBaseRepository.java,com.hellotravel.infrastructure,4,0,0,common_or_start
hello-travel-infrastructure/src/main/java/com/hellotravel/infrastructure/auth/converter/DevicePersistenceConverter.java,com.hellotravel.infrastructure.auth.converter,3,0,1,output_converter
hello-travel-infrastructure/src/main/java/com/hellotravel/infrastructure/auth/converter/EmailChallengePersistenceConverter.java,com.hellotravel.infrastructure.auth.converter,3,0,1,output_converter
hello-travel-infrastructure/src/main/java/com/hellotravel/infrastructure/auth/converter/LoginSessionPersistenceConverter.java,com.hellotravel.infrastructure.auth.converter,3,0,1,output_converter
hello-travel-infrastructure/src/main/java/com/hellotravel/infrastructure/auth/converter/RefreshReceiptPersistenceConverter.java,com.hellotravel.infrastructure.auth.converter,3,0,1,output_converter
hello-travel-infrastructure/src/main/java/com/hellotravel/infrastructure/auth/converter/UserAccountPersistenceConverter.java,com.hellotravel.infrastructure.auth.converter,3,0,1,output_converter
hello-travel-infrastructure/src/main/java/com/hellotravel/infrastructure/auth/mysql/mapper/DeviceMapper.java,com.hellotravel.infrastructure.auth.mysql.mapper,0,0,0,persistence_mapping
hello-travel-infrastructure/src/main/java/com/hellotravel/infrastructure/auth/mysql/mapper/EmailChallengeMapper.java,com.hellotravel.infrastructure.auth.mysql.mapper,0,0,0,persistence_mapping
hello-travel-infrastructure/src/main/java/com/hellotravel/infrastructure/auth/mysql/mapper/LoginSessionMapper.java,com.hellotravel.infrastructure.auth.mysql.mapper,0,0,0,persistence_mapping
hello-travel-infrastructure/src/main/java/com/hellotravel/infrastructure/auth/mysql/mapper/RefreshReceiptMapper.java,com.hellotravel.infrastructure.auth.mysql.mapper,0,0,0,persistence_mapping
hello-travel-infrastructure/src/main/java/com/hellotravel/infrastructure/auth/mysql/mapper/UserAccountMapper.java,com.hellotravel.infrastructure.auth.mysql.mapper,0,0,0,persistence_mapping
hello-travel-infrastructure/src/main/java/com/hellotravel/infrastructure/auth/mysql/pojo/DevicePO.java,com.hellotravel.infrastructure.auth.mysql.pojo,0,0,0,persistence_mapping
hello-travel-infrastructure/src/main/java/com/hellotravel/infrastructure/auth/mysql/pojo/EmailChallengePO.java,com.hellotravel.infrastructure.auth.mysql.pojo,0,0,0,persistence_mapping
hello-travel-infrastructure/src/main/java/com/hellotravel/infrastructure/auth/mysql/pojo/LoginSessionPO.java,com.hellotravel.infrastructure.auth.mysql.pojo,0,0,0,persistence_mapping
hello-travel-infrastructure/src/main/java/com/hellotravel/infrastructure/auth/mysql/pojo/RefreshReceiptPO.java,com.hellotravel.infrastructure.auth.mysql.pojo,0,0,0,persistence_mapping
hello-travel-infrastructure/src/main/java/com/hellotravel/infrastructure/auth/mysql/pojo/UserAccountPO.java,com.hellotravel.infrastructure.auth.mysql.pojo,0,0,0,persistence_mapping
hello-travel-infrastructure/src/main/java/com/hellotravel/infrastructure/auth/repository/DeviceRepositoryImpl.java,com.hellotravel.infrastructure.auth.repository,4,0,0,persistence_mapping
hello-travel-infrastructure/src/main/java/com/hellotravel/infrastructure/auth/repository/EmailChallengeRepositoryImpl.java,com.hellotravel.infrastructure.auth.repository,4,0,0,persistence_mapping
hello-travel-infrastructure/src/main/java/com/hellotravel/infrastructure/auth/repository/LoginSessionRepositoryImpl.java,com.hellotravel.infrastructure.auth.repository,4,0,0,persistence_mapping
hello-travel-infrastructure/src/main/java/com/hellotravel/infrastructure/auth/repository/RefreshReceiptRepositoryImpl.java,com.hellotravel.infrastructure.auth.repository,4,0,0,persistence_mapping
hello-travel-infrastructure/src/main/java/com/hellotravel/infrastructure/auth/repository/UserAccountRepositoryImpl.java,com.hellotravel.infrastructure.auth.repository,4,0,0,persistence_mapping
hello-travel-infrastructure/src/main/java/com/hellotravel/infrastructure/chat/converter/ChatRunPersistenceConverter.java,com.hellotravel.infrastructure.chat.converter,3,0,1,output_converter
hello-travel-infrastructure/src/main/java/com/hellotravel/infrastructure/chat/converter/ConversationPersistenceConverter.java,com.hellotravel.infrastructure.chat.converter,3,0,1,output_converter
hello-travel-infrastructure/src/main/java/com/hellotravel/infrastructure/chat/converter/MessagePersistenceConverter.java,com.hellotravel.infrastructure.chat.converter,3,0,1,output_converter
hello-travel-infrastructure/src/main/java/com/hellotravel/infrastructure/chat/converter/ModelInvocationPersistenceConverter.java,com.hellotravel.infrastructure.chat.converter,3,0,1,output_converter
hello-travel-infrastructure/src/main/java/com/hellotravel/infrastructure/chat/mysql/mapper/ChatRunMapper.java,com.hellotravel.infrastructure.chat.mysql.mapper,0,0,0,persistence_mapping
hello-travel-infrastructure/src/main/java/com/hellotravel/infrastructure/chat/mysql/mapper/ConversationMapper.java,com.hellotravel.infrastructure.chat.mysql.mapper,0,0,0,persistence_mapping
hello-travel-infrastructure/src/main/java/com/hellotravel/infrastructure/chat/mysql/mapper/MessageMapper.java,com.hellotravel.infrastructure.chat.mysql.mapper,0,0,0,persistence_mapping
hello-travel-infrastructure/src/main/java/com/hellotravel/infrastructure/chat/mysql/mapper/ModelInvocationMapper.java,com.hellotravel.infrastructure.chat.mysql.mapper,0,0,0,persistence_mapping
hello-travel-infrastructure/src/main/java/com/hellotravel/infrastructure/chat/mysql/pojo/ChatRunPO.java,com.hellotravel.infrastructure.chat.mysql.pojo,0,0,0,persistence_mapping
hello-travel-infrastructure/src/main/java/com/hellotravel/infrastructure/chat/mysql/pojo/ConversationPO.java,com.hellotravel.infrastructure.chat.mysql.pojo,0,0,0,persistence_mapping
hello-travel-infrastructure/src/main/java/com/hellotravel/infrastructure/chat/mysql/pojo/MessagePO.java,com.hellotravel.infrastructure.chat.mysql.pojo,0,0,0,persistence_mapping
hello-travel-infrastructure/src/main/java/com/hellotravel/infrastructure/chat/mysql/pojo/ModelInvocationPO.java,com.hellotravel.infrastructure.chat.mysql.pojo,0,0,0,persistence_mapping
hello-travel-infrastructure/src/main/java/com/hellotravel/infrastructure/chat/repository/ChatRunRepositoryImpl.java,com.hellotravel.infrastructure.chat.repository,4,0,0,persistence_mapping
hello-travel-infrastructure/src/main/java/com/hellotravel/infrastructure/chat/repository/ConversationRepositoryImpl.java,com.hellotravel.infrastructure.chat.repository,4,0,0,persistence_mapping
hello-travel-infrastructure/src/main/java/com/hellotravel/infrastructure/chat/repository/MessageRepositoryImpl.java,com.hellotravel.infrastructure.chat.repository,4,0,0,persistence_mapping
hello-travel-infrastructure/src/main/java/com/hellotravel/infrastructure/chat/repository/ModelInvocationRepositoryImpl.java,com.hellotravel.infrastructure.chat.repository,4,0,0,persistence_mapping
hello-travel-infrastructure/src/main/java/com/hellotravel/infrastructure/exception/InfrastructureErrorCode.java,com.hellotravel.infrastructure.exception,0,0,0,persistence_mapping
hello-travel-infrastructure/src/main/java/com/hellotravel/infrastructure/exception/InfrastructureException.java,com.hellotravel.infrastructure.exception,0,0,0,persistence_mapping
hello-travel-infrastructure/src/main/java/com/hellotravel/infrastructure/knowledge/converter/IndexJobPersistenceConverter.java,com.hellotravel.infrastructure.knowledge.converter,3,0,1,output_converter
hello-travel-infrastructure/src/main/java/com/hellotravel/infrastructure/knowledge/converter/KnowledgeChunkPersistenceConverter.java,com.hellotravel.infrastructure.knowledge.converter,3,0,1,output_converter
hello-travel-infrastructure/src/main/java/com/hellotravel/infrastructure/knowledge/converter/KnowledgeDocumentPersistenceConverter.java,com.hellotravel.infrastructure.knowledge.converter,3,0,1,output_converter
hello-travel-infrastructure/src/main/java/com/hellotravel/infrastructure/knowledge/mysql/mapper/IndexJobMapper.java,com.hellotravel.infrastructure.knowledge.mysql.mapper,0,0,0,persistence_mapping
hello-travel-infrastructure/src/main/java/com/hellotravel/infrastructure/knowledge/mysql/mapper/KnowledgeChunkMapper.java,com.hellotravel.infrastructure.knowledge.mysql.mapper,0,0,0,persistence_mapping
hello-travel-infrastructure/src/main/java/com/hellotravel/infrastructure/knowledge/mysql/mapper/KnowledgeDocumentMapper.java,com.hellotravel.infrastructure.knowledge.mysql.mapper,0,0,0,persistence_mapping
hello-travel-infrastructure/src/main/java/com/hellotravel/infrastructure/knowledge/mysql/pojo/IndexJobPO.java,com.hellotravel.infrastructure.knowledge.mysql.pojo,0,0,0,persistence_mapping
hello-travel-infrastructure/src/main/java/com/hellotravel/infrastructure/knowledge/mysql/pojo/KnowledgeChunkPO.java,com.hellotravel.infrastructure.knowledge.mysql.pojo,0,0,0,persistence_mapping
hello-travel-infrastructure/src/main/java/com/hellotravel/infrastructure/knowledge/mysql/pojo/KnowledgeDocumentPO.java,com.hellotravel.infrastructure.knowledge.mysql.pojo,0,0,0,persistence_mapping
hello-travel-infrastructure/src/main/java/com/hellotravel/infrastructure/knowledge/repository/IndexJobRepositoryImpl.java,com.hellotravel.infrastructure.knowledge.repository,4,0,0,persistence_mapping
hello-travel-infrastructure/src/main/java/com/hellotravel/infrastructure/knowledge/repository/KnowledgeChunkRepositoryImpl.java,com.hellotravel.infrastructure.knowledge.repository,4,0,0,persistence_mapping
hello-travel-infrastructure/src/main/java/com/hellotravel/infrastructure/knowledge/repository/KnowledgeDocumentRepositoryImpl.java,com.hellotravel.infrastructure.knowledge.repository,4,0,0,persistence_mapping
hello-travel-infrastructure/src/main/java/com/hellotravel/infrastructure/memory/converter/MemoryFactPersistenceConverter.java,com.hellotravel.infrastructure.memory.converter,3,0,1,output_converter
hello-travel-infrastructure/src/main/java/com/hellotravel/infrastructure/memory/converter/MemoryFactSourcePersistenceConverter.java,com.hellotravel.infrastructure.memory.converter,3,0,1,output_converter
hello-travel-infrastructure/src/main/java/com/hellotravel/infrastructure/memory/converter/MemorySummaryPersistenceConverter.java,com.hellotravel.infrastructure.memory.converter,3,0,1,output_converter
hello-travel-infrastructure/src/main/java/com/hellotravel/infrastructure/memory/mysql/mapper/MemoryFactMapper.java,com.hellotravel.infrastructure.memory.mysql.mapper,0,0,0,persistence_mapping
hello-travel-infrastructure/src/main/java/com/hellotravel/infrastructure/memory/mysql/mapper/MemoryFactSourceMapper.java,com.hellotravel.infrastructure.memory.mysql.mapper,0,0,0,persistence_mapping
hello-travel-infrastructure/src/main/java/com/hellotravel/infrastructure/memory/mysql/mapper/MemorySummaryMapper.java,com.hellotravel.infrastructure.memory.mysql.mapper,0,0,0,persistence_mapping
hello-travel-infrastructure/src/main/java/com/hellotravel/infrastructure/memory/mysql/pojo/MemoryFactPO.java,com.hellotravel.infrastructure.memory.mysql.pojo,0,0,0,persistence_mapping
hello-travel-infrastructure/src/main/java/com/hellotravel/infrastructure/memory/mysql/pojo/MemoryFactSourcePO.java,com.hellotravel.infrastructure.memory.mysql.pojo,0,0,0,persistence_mapping
hello-travel-infrastructure/src/main/java/com/hellotravel/infrastructure/memory/mysql/pojo/MemorySummaryPO.java,com.hellotravel.infrastructure.memory.mysql.pojo,0,0,0,persistence_mapping
hello-travel-infrastructure/src/main/java/com/hellotravel/infrastructure/memory/repository/MemoryFactRepositoryImpl.java,com.hellotravel.infrastructure.memory.repository,4,0,0,persistence_mapping
hello-travel-infrastructure/src/main/java/com/hellotravel/infrastructure/memory/repository/MemoryFactSourceRepositoryImpl.java,com.hellotravel.infrastructure.memory.repository,4,0,0,persistence_mapping
hello-travel-infrastructure/src/main/java/com/hellotravel/infrastructure/memory/repository/MemorySummaryRepositoryImpl.java,com.hellotravel.infrastructure.memory.repository,4,0,0,persistence_mapping
hello-travel-infrastructure/src/main/java/com/hellotravel/infrastructure/sync/converter/OutboxEventPersistenceConverter.java,com.hellotravel.infrastructure.sync.converter,3,0,1,output_converter
hello-travel-infrastructure/src/main/java/com/hellotravel/infrastructure/sync/converter/SyncEventPersistenceConverter.java,com.hellotravel.infrastructure.sync.converter,3,0,1,output_converter
hello-travel-infrastructure/src/main/java/com/hellotravel/infrastructure/sync/mysql/mapper/OutboxEventMapper.java,com.hellotravel.infrastructure.sync.mysql.mapper,0,0,0,persistence_mapping
hello-travel-infrastructure/src/main/java/com/hellotravel/infrastructure/sync/mysql/mapper/SyncEventMapper.java,com.hellotravel.infrastructure.sync.mysql.mapper,0,0,0,persistence_mapping
hello-travel-infrastructure/src/main/java/com/hellotravel/infrastructure/sync/mysql/pojo/OutboxEventPO.java,com.hellotravel.infrastructure.sync.mysql.pojo,0,0,0,persistence_mapping
hello-travel-infrastructure/src/main/java/com/hellotravel/infrastructure/sync/mysql/pojo/SyncEventPO.java,com.hellotravel.infrastructure.sync.mysql.pojo,0,0,0,persistence_mapping
hello-travel-infrastructure/src/main/java/com/hellotravel/infrastructure/sync/repository/OutboxEventRepositoryImpl.java,com.hellotravel.infrastructure.sync.repository,4,0,0,persistence_mapping
hello-travel-infrastructure/src/main/java/com/hellotravel/infrastructure/sync/repository/SyncEventRepositoryImpl.java,com.hellotravel.infrastructure.sync.repository,4,0,0,persistence_mapping
hello-travel-model/src/main/java/com/hellotravel/model/auth/MailDO.java,com.hellotravel.model.auth,0,0,0,internal_contract
hello-travel-model/src/main/java/com/hellotravel/model/knowledge/FileDO.java,com.hellotravel.model.knowledge,0,0,0,internal_contract
hello-travel-model/src/main/java/com/hellotravel/model/knowledge/VectorDO.java,com.hellotravel.model.knowledge,0,0,0,internal_contract
hello-travel-model/src/main/java/com/hellotravel/model/knowledge/VectorHitDO.java,com.hellotravel.model.knowledge,0,0,0,internal_contract
hello-travel-model/src/main/java/com/hellotravel/model/persistence/WriteDO.java,com.hellotravel.model.persistence,0,0,0,internal_contract
hello-travel-model/src/main/java/com/hellotravel/model/security/SecurityDO.java,com.hellotravel.model.security,0,0,0,internal_contract
hello-travel-model/src/main/java/com/hellotravel/model/travel/ModelDO.java,com.hellotravel.model.travel,0,0,0,internal_contract
hello-travel-model/src/main/java/com/hellotravel/model/travel/TravelDO.java,com.hellotravel.model.travel,0,0,0,internal_contract
hello-travel-start/src/main/java/com/hellotravel/start/Application.java,com.hellotravel.start,2,0,0,common_or_start
hello-travel-start/src/main/java/com/hellotravel/start/config/DomainConfiguration.java,com.hellotravel.start.config,1,0,1,common_or_start
hello-travel-start/src/main/java/com/hellotravel/start/config/ProductionConfiguration.java,com.hellotravel.start.config,5,0,0,common_or_start
hello-travel-start/src/main/java/com/hellotravel/start/config/ProtocolConfiguration.java,com.hellotravel.start.config,0,0,0,common_or_start
hello-travel-start/src/main/java/com/hellotravel/start/config/SchedulingConfiguration.java,com.hellotravel.start.config,0,0,0,common_or_start
