file,method,line,statements,flow_blocks,classification
hello-travel-adaptor/src/main/java/com/hellotravel/adaptor/exception/AdaptorErrorCode.java,<init>,106,2,0,single_operation_or_constructor_review
hello-travel-adaptor/src/main/java/com/hellotravel/adaptor/exception/AdaptorErrorCode.java,code,117,1,0,single_operation_or_constructor_review
hello-travel-adaptor/src/main/java/com/hellotravel/adaptor/exception/AdaptorErrorCode.java,message,127,1,0,single_operation_or_constructor_review
hello-travel-adaptor/src/main/java/com/hellotravel/adaptor/exception/AdaptorErrorCode.java,status,137,1,0,single_operation_or_constructor_review
hello-travel-adaptor/src/main/java/com/hellotravel/adaptor/exception/AdaptorException.java,<init>,18,1,0,single_operation_or_constructor_review
hello-travel-adaptor/src/main/java/com/hellotravel/adaptor/file/output/FileOutAdaptorImpl.java,<init>,44,1,0,single_operation_or_constructor_review
hello-travel-adaptor/src/main/java/com/hellotravel/adaptor/file/output/FileOutAdaptorImpl.java,store,55,32,3,flow_checked
hello-travel-adaptor/src/main/java/com/hellotravel/adaptor/file/output/FileOutAdaptorImpl.java,scan,126,12,1,flow_checked
hello-travel-adaptor/src/main/java/com/hellotravel/adaptor/file/output/FileOutAdaptorImpl.java,parse,160,21,2,flow_checked
hello-travel-adaptor/src/main/java/com/hellotravel/adaptor/file/output/model/BoundedTextWriter.java,write,25,3,1,flow_checked
hello-travel-adaptor/src/main/java/com/hellotravel/adaptor/file/output/model/BoundedTextWriter.java,flush,39,0,0,single_operation_or_constructor_review
hello-travel-adaptor/src/main/java/com/hellotravel/adaptor/file/output/model/BoundedTextWriter.java,close,47,0,0,single_operation_or_constructor_review
hello-travel-adaptor/src/main/java/com/hellotravel/adaptor/file/output/model/BoundedTextWriter.java,toString,56,1,0,single_operation_or_constructor_review
hello-travel-adaptor/src/main/java/com/hellotravel/adaptor/http/input/AuthController.java,<init>,43,3,0,single_operation_or_constructor_review
hello-travel-adaptor/src/main/java/com/hellotravel/adaptor/http/input/AuthController.java,authenticate,60,22,1,flow_checked
hello-travel-adaptor/src/main/java/com/hellotravel/adaptor/http/input/AuthController.java,device,122,10,1,flow_checked
hello-travel-adaptor/src/main/java/com/hellotravel/adaptor/http/input/AuthController.java,sign,145,4,1,flow_checked
hello-travel-adaptor/src/main/java/com/hellotravel/adaptor/http/input/AuthController.java,cookie,156,2,1,flow_checked
hello-travel-adaptor/src/main/java/com/hellotravel/adaptor/http/input/ChatController.java,<init>,36,2,0,single_operation_or_constructor_review
hello-travel-adaptor/src/main/java/com/hellotravel/adaptor/http/input/ChatController.java,manage,50,20,1,flow_checked
hello-travel-adaptor/src/main/java/com/hellotravel/adaptor/http/input/KnowledgeController.java,<init>,38,2,0,single_operation_or_constructor_review
hello-travel-adaptor/src/main/java/com/hellotravel/adaptor/http/input/KnowledgeController.java,upload,52,7,1,flow_checked
hello-travel-adaptor/src/main/java/com/hellotravel/adaptor/http/input/KnowledgeController.java,manage,91,12,1,flow_checked
hello-travel-adaptor/src/main/java/com/hellotravel/adaptor/http/input/SyncController.java,<init>,29,2,0,single_operation_or_constructor_review
hello-travel-adaptor/src/main/java/com/hellotravel/adaptor/http/input/SyncController.java,synchronize,42,4,0,single_operation_or_constructor_review
hello-travel-adaptor/src/main/java/com/hellotravel/adaptor/http/stream/SyncStreamController.java,<init>,64,2,0,single_operation_or_constructor_review
hello-travel-adaptor/src/main/java/com/hellotravel/adaptor/http/stream/SyncStreamController.java,subscribe,77,18,2,flow_checked
hello-travel-adaptor/src/main/java/com/hellotravel/adaptor/http/stream/SyncStreamController.java,poll,126,11,0,single_operation_or_constructor_review
hello-travel-adaptor/src/main/java/com/hellotravel/adaptor/http/stream/SyncStreamController.java,emit,144,16,1,flow_checked
hello-travel-adaptor/src/main/java/com/hellotravel/adaptor/http/stream/SyncStreamController.java,closeSender,189,1,0,single_operation_or_constructor_review
hello-travel-adaptor/src/main/java/com/hellotravel/adaptor/http/stream/SyncStreamController.java,<init>,254,5,0,single_operation_or_constructor_review
hello-travel-adaptor/src/main/java/com/hellotravel/adaptor/http/stream/SyncStreamController.java,failedSubscription,263,8,2,flow_checked
hello-travel-adaptor/src/main/java/com/hellotravel/adaptor/http/support/ApiViews.java,<init>,18,1,0,single_operation_or_constructor_review
hello-travel-adaptor/src/main/java/com/hellotravel/adaptor/http/support/ApiViews.java,convert,31,1,0,single_operation_or_constructor_review
hello-travel-adaptor/src/main/java/com/hellotravel/adaptor/http/support/ApiViews.java,respond,44,3,1,flow_checked
hello-travel-adaptor/src/main/java/com/hellotravel/adaptor/http/support/HttpErrors.java,business,42,1,0,single_operation_or_constructor_review
hello-travel-adaptor/src/main/java/com/hellotravel/adaptor/http/support/HttpErrors.java,invalid,55,1,0,single_operation_or_constructor_review
hello-travel-adaptor/src/main/java/com/hellotravel/adaptor/http/support/HttpErrors.java,conflict,73,1,0,single_operation_or_constructor_review
hello-travel-adaptor/src/main/java/com/hellotravel/adaptor/http/support/HttpErrors.java,unexpected,85,2,1,flow_checked
hello-travel-adaptor/src/main/java/com/hellotravel/adaptor/http/support/HttpIdentity.java,<init>,17,0,0,single_operation_or_constructor_review
hello-travel-adaptor/src/main/java/com/hellotravel/adaptor/http/support/HttpIdentity.java,user,27,1,0,single_operation_or_constructor_review
hello-travel-adaptor/src/main/java/com/hellotravel/adaptor/http/support/HttpIdentity.java,session,38,1,0,single_operation_or_constructor_review
hello-travel-adaptor/src/main/java/com/hellotravel/adaptor/http/support/HttpIdentity.java,access,49,2,1,flow_checked
hello-travel-adaptor/src/main/java/com/hellotravel/adaptor/http/support/HttpIdentity.java,cookie,64,6,1,flow_checked
hello-travel-adaptor/src/main/java/com/hellotravel/adaptor/http/support/HttpResults.java,<init>,23,0,0,single_operation_or_constructor_review
hello-travel-adaptor/src/main/java/com/hellotravel/adaptor/http/support/HttpResults.java,capture,34,1,0,single_operation_or_constructor_review
hello-travel-adaptor/src/main/java/com/hellotravel/adaptor/http/support/HttpResults.java,failure,46,7,1,flow_checked
hello-travel-adaptor/src/main/java/com/hellotravel/adaptor/http/support/HttpResults.java,required,69,3,1,flow_checked
hello-travel-adaptor/src/main/java/com/hellotravel/adaptor/http/support/HttpResults.java,classification,78,4,0,single_operation_or_constructor_review
hello-travel-adaptor/src/main/java/com/hellotravel/adaptor/http/support/JsonBodyLimit.java,supports,33,1,0,single_operation_or_constructor_review
hello-travel-adaptor/src/main/java/com/hellotravel/adaptor/http/support/JsonBodyLimit.java,getBody,73,1,0,single_operation_or_constructor_review
hello-travel-adaptor/src/main/java/com/hellotravel/adaptor/http/support/JsonBodyLimit.java,getHeaders,83,1,0,single_operation_or_constructor_review
hello-travel-adaptor/src/main/java/com/hellotravel/adaptor/http/support/JsonBodyLimit.java,beforeBodyRead,51,6,1,flow_checked
hello-travel-adaptor/src/main/java/com/hellotravel/adaptor/http/support/SessionFilter.java,<init>,41,3,0,single_operation_or_constructor_review
hello-travel-adaptor/src/main/java/com/hellotravel/adaptor/http/support/SessionFilter.java,doFilterInternal,56,28,2,flow_checked
hello-travel-adaptor/src/main/java/com/hellotravel/adaptor/knowledge/output/VectorOutAdaptorImpl.java,<init>,52,1,0,single_operation_or_constructor_review
hello-travel-adaptor/src/main/java/com/hellotravel/adaptor/knowledge/output/VectorOutAdaptorImpl.java,index,63,31,1,flow_checked
hello-travel-adaptor/src/main/java/com/hellotravel/adaptor/knowledge/output/VectorOutAdaptorImpl.java,client,134,8,1,flow_checked
hello-travel-adaptor/src/main/java/com/hellotravel/adaptor/knowledge/output/VectorOutAdaptorImpl.java,closeClient,155,2,0,single_operation_or_constructor_review
hello-travel-adaptor/src/main/java/com/hellotravel/adaptor/knowledge/output/VectorOutAdaptorImpl.java,initialize,163,18,1,flow_checked
hello-travel-adaptor/src/main/java/com/hellotravel/adaptor/knowledge/output/VectorOutAdaptorImpl.java,validateId,240,2,0,single_operation_or_constructor_review
hello-travel-adaptor/src/main/java/com/hellotravel/adaptor/knowledge/output/VectorOutAdaptorImpl.java,upsert,247,25,1,flow_checked
hello-travel-adaptor/src/main/java/com/hellotravel/adaptor/mail/output/MailOutAdaptorImpl.java,<init>,25,1,0,single_operation_or_constructor_review
hello-travel-adaptor/src/main/java/com/hellotravel/adaptor/mail/output/MailOutAdaptorImpl.java,deliver,36,28,2,flow_checked
hello-travel-adaptor/src/main/java/com/hellotravel/adaptor/model/output/ModelOutAdaptorImpl.java,<init>,41,1,0,single_operation_or_constructor_review
hello-travel-adaptor/src/main/java/com/hellotravel/adaptor/model/output/ModelOutAdaptorImpl.java,generate,52,33,1,flow_checked
hello-travel-adaptor/src/main/java/com/hellotravel/adaptor/model/output/ModelOutAdaptorImpl.java,embed,140,18,2,flow_checked
hello-travel-adaptor/src/main/java/com/hellotravel/adaptor/model/output/model/ModelStreamHandler.java,<init>,57,3,0,single_operation_or_constructor_review
hello-travel-adaptor/src/main/java/com/hellotravel/adaptor/model/output/model/ModelStreamHandler.java,onPartialResponse,73,9,1,flow_checked
hello-travel-adaptor/src/main/java/com/hellotravel/adaptor/model/output/model/ModelStreamHandler.java,onCompleteResponse,96,1,0,single_operation_or_constructor_review
hello-travel-adaptor/src/main/java/com/hellotravel/adaptor/model/output/model/ModelStreamHandler.java,onError,106,1,0,single_operation_or_constructor_review
hello-travel-adaptor/src/main/java/com/hellotravel/adaptor/security/output/SecurityOutAdaptorImpl.java,<init>,39,2,0,single_operation_or_constructor_review
hello-travel-adaptor/src/main/java/com/hellotravel/adaptor/security/output/SecurityOutAdaptorImpl.java,process,51,15,0,single_operation_or_constructor_review
hello-travel-adaptor/src/main/java/com/hellotravel/adaptor/security/output/SecurityOutAdaptorImpl.java,encoder,115,1,0,single_operation_or_constructor_review
hello-travel-adaptor/src/main/java/com/hellotravel/adaptor/security/output/SecurityOutAdaptorImpl.java,key,119,7,1,flow_checked
hello-travel-adaptor/src/main/java/com/hellotravel/adaptor/security/output/SecurityOutAdaptorImpl.java,hmac,136,3,1,flow_checked
hello-travel-adaptor/src/main/java/com/hellotravel/adaptor/security/output/SecurityOutAdaptorImpl.java,encrypt,145,7,1,flow_checked
hello-travel-adaptor/src/main/java/com/hellotravel/adaptor/security/output/SecurityOutAdaptorImpl.java,decrypt,170,5,1,flow_checked
hello-travel-adaptor/src/main/java/com/hellotravel/adaptor/security/output/SecurityOutAdaptorImpl.java,limit,185,7,1,flow_checked
hello-travel-adaptor/src/main/java/com/hellotravel/adaptor/travel/output/TravelOutAdaptorImpl.java,<init>,34,1,0,single_operation_or_constructor_review
hello-travel-adaptor/src/main/java/com/hellotravel/adaptor/travel/output/TravelOutAdaptorImpl.java,consult,45,25,2,flow_checked
hello-travel-adaptor/src/main/java/com/hellotravel/adaptor/travel/output/TravelOutAdaptorImpl.java,valid,112,1,0,single_operation_or_constructor_review
hello-travel-adaptor/src/main/java/com/hellotravel/adaptor/travel/output/TravelOutAdaptorImpl.java,geo,116,5,1,flow_checked
hello-travel-adaptor/src/main/java/com/hellotravel/adaptor/travel/output/TravelOutAdaptorImpl.java,get,129,14,2,flow_checked
hello-travel-application/src/main/java/com/hellotravel/application/auth/command/AuthCommand.java,toString,40,1,0,single_operation_or_constructor_review
hello-travel-application/src/main/java/com/hellotravel/application/auth/service/AuthApplication.java,<init>,21,1,0,single_operation_or_constructor_review
hello-travel-application/src/main/java/com/hellotravel/application/auth/service/AuthApplication.java,authenticate,32,5,1,flow_checked
hello-travel-application/src/main/java/com/hellotravel/application/auth/workflow/AuthFlow.java,<init>,57,5,0,single_operation_or_constructor_review
hello-travel-application/src/main/java/com/hellotravel/application/auth/workflow/AuthFlow.java,perform,77,10,0,single_operation_or_constructor_review
hello-travel-application/src/main/java/com/hellotravel/application/auth/workflow/AuthFlow.java,secure,91,4,1,flow_checked
hello-travel-application/src/main/java/com/hellotravel/application/auth/workflow/AuthFlow.java,email,103,3,1,flow_checked
hello-travel-application/src/main/java/com/hellotravel/application/auth/workflow/AuthFlow.java,limit,112,3,1,flow_checked
hello-travel-application/src/main/java/com/hellotravel/application/auth/workflow/AuthFlow.java,account,121,2,1,flow_checked
hello-travel-application/src/main/java/com/hellotravel/application/auth/workflow/AuthFlow.java,proof,130,17,2,flow_checked
hello-travel-application/src/main/java/com/hellotravel/application/auth/workflow/AuthFlow.java,consume,187,4,1,flow_checked
hello-travel-application/src/main/java/com/hellotravel/application/auth/workflow/AuthFlow.java,hashPassword,199,3,1,flow_checked
hello-travel-application/src/main/java/com/hellotravel/application/auth/workflow/AuthFlow.java,challenge,208,21,2,flow_checked
hello-travel-application/src/main/java/com/hellotravel/application/auth/workflow/AuthFlow.java,register,280,11,2,flow_checked
hello-travel-application/src/main/java/com/hellotravel/application/auth/workflow/AuthFlow.java,login,313,41,2,flow_checked
hello-travel-application/src/main/java/com/hellotravel/application/auth/workflow/AuthFlow.java,session,429,6,1,flow_checked
hello-travel-application/src/main/java/com/hellotravel/application/auth/workflow/AuthFlow.java,valid,450,6,1,flow_checked
hello-travel-application/src/main/java/com/hellotravel/application/auth/workflow/AuthFlow.java,check,469,2,1,flow_checked
hello-travel-application/src/main/java/com/hellotravel/application/auth/workflow/AuthFlow.java,refresh,476,35,3,flow_checked
hello-travel-application/src/main/java/com/hellotravel/application/auth/workflow/AuthFlow.java,logout,584,8,2,flow_checked
hello-travel-application/src/main/java/com/hellotravel/application/auth/workflow/AuthFlow.java,reset,613,18,2,flow_checked
hello-travel-application/src/main/java/com/hellotravel/application/auth/workflow/AuthFlow.java,view,665,1,0,single_operation_or_constructor_review
hello-travel-application/src/main/java/com/hellotravel/application/auth/workflow/AuthFlow.java,now,683,1,0,single_operation_or_constructor_review
hello-travel-application/src/main/java/com/hellotravel/application/chat/assembler/ChatApplicationAssembler.java,conversation,27,1,0,single_operation_or_constructor_review
hello-travel-application/src/main/java/com/hellotravel/application/chat/assembler/ChatApplicationAssembler.java,message,44,1,0,single_operation_or_constructor_review
hello-travel-application/src/main/java/com/hellotravel/application/chat/assembler/ChatApplicationAssembler.java,run,63,1,0,single_operation_or_constructor_review
hello-travel-application/src/main/java/com/hellotravel/application/chat/service/ChatApplication.java,<init>,21,1,0,single_operation_or_constructor_review
hello-travel-application/src/main/java/com/hellotravel/application/chat/service/ChatApplication.java,manage,32,5,1,flow_checked
hello-travel-application/src/main/java/com/hellotravel/application/chat/workflow/ChatFlow.java,<init>,51,5,0,single_operation_or_constructor_review
hello-travel-application/src/main/java/com/hellotravel/application/chat/workflow/ChatFlow.java,perform,71,17,1,flow_checked
hello-travel-application/src/main/java/com/hellotravel/application/chat/workflow/ChatFlow.java,owned,102,4,1,flow_checked
hello-travel-application/src/main/java/com/hellotravel/application/chat/workflow/ChatFlow.java,run,118,7,1,flow_checked
hello-travel-application/src/main/java/com/hellotravel/application/chat/workflow/ChatFlow.java,version,140,2,0,single_operation_or_constructor_review
hello-travel-application/src/main/java/com/hellotravel/application/chat/workflow/ChatFlow.java,active,147,1,0,single_operation_or_constructor_review
hello-travel-application/src/main/java/com/hellotravel/application/chat/workflow/ChatFlow.java,result,154,1,0,single_operation_or_constructor_review
hello-travel-application/src/main/java/com/hellotravel/application/chat/workflow/ChatFlow.java,bootstrap,167,5,1,flow_checked
hello-travel-application/src/main/java/com/hellotravel/application/chat/workflow/ChatFlow.java,list,184,7,1,flow_checked
hello-travel-application/src/main/java/com/hellotravel/application/chat/workflow/ChatFlow.java,create,211,7,2,flow_checked
hello-travel-application/src/main/java/com/hellotravel/application/chat/workflow/ChatFlow.java,rename,247,8,1,flow_checked
hello-travel-application/src/main/java/com/hellotravel/application/chat/workflow/ChatFlow.java,history,283,10,1,flow_checked
hello-travel-application/src/main/java/com/hellotravel/application/chat/workflow/ChatFlow.java,submit,326,32,2,flow_checked
hello-travel-application/src/main/java/com/hellotravel/application/chat/workflow/ChatFlow.java,commandForRun,462,1,0,single_operation_or_constructor_review
hello-travel-application/src/main/java/com/hellotravel/application/chat/workflow/ChatFlow.java,readRun,480,4,1,flow_checked
hello-travel-application/src/main/java/com/hellotravel/application/chat/workflow/ChatFlow.java,cancel,498,9,1,flow_checked
hello-travel-application/src/main/java/com/hellotravel/application/chat/workflow/ChatFlow.java,retry,527,16,1,flow_checked
hello-travel-application/src/main/java/com/hellotravel/application/chat/workflow/ChatFlow.java,erase,582,24,2,flow_checked
hello-travel-application/src/main/java/com/hellotravel/application/chat/workflow/ChatFlow.java,context,651,4,1,flow_checked
hello-travel-application/src/main/java/com/hellotravel/application/chat/workflow/ChatFlow.java,now,687,1,0,single_operation_or_constructor_review
hello-travel-application/src/main/java/com/hellotravel/application/jobs/workflow/BackgroundJobs.java,<init>,79,10,0,single_operation_or_constructor_review
hello-travel-application/src/main/java/com/hellotravel/application/jobs/workflow/BackgroundJobs.java,dispatch,107,22,2,flow_checked
hello-travel-application/src/main/java/com/hellotravel/application/jobs/workflow/BackgroundJobs.java,deliver,166,17,1,flow_checked
hello-travel-application/src/main/java/com/hellotravel/application/jobs/workflow/BackgroundJobs.java,email,188,16,2,flow_checked
hello-travel-application/src/main/java/com/hellotravel/application/jobs/workflow/BackgroundJobs.java,complete,236,7,1,flow_checked
hello-travel-application/src/main/java/com/hellotravel/application/jobs/workflow/BackgroundJobs.java,recovery,277,5,1,flow_checked
hello-travel-application/src/main/java/com/hellotravel/application/jobs/workflow/BackgroundJobs.java,reconcile,298,5,0,single_operation_or_constructor_review
hello-travel-application/src/main/java/com/hellotravel/application/jobs/workflow/BackgroundJobs.java,shutdown,315,1,0,single_operation_or_constructor_review
hello-travel-application/src/main/java/com/hellotravel/application/jobs/workflow/BackgroundJobs.java,now,320,1,0,single_operation_or_constructor_review
hello-travel-application/src/main/java/com/hellotravel/application/jobs/workflow/RetentionJobs.java,<init>,33,4,0,single_operation_or_constructor_review
hello-travel-application/src/main/java/com/hellotravel/application/jobs/workflow/RetentionJobs.java,expire,49,8,1,flow_checked
hello-travel-application/src/main/java/com/hellotravel/application/jobs/workflow/RetentionJobs.java,expireCredentials,75,16,3,flow_checked
hello-travel-application/src/main/java/com/hellotravel/application/jobs/workflow/RetentionJobs.java,now,139,1,0,single_operation_or_constructor_review
hello-travel-application/src/main/java/com/hellotravel/application/knowledge/service/KnowledgeApplication.java,<init>,21,1,0,single_operation_or_constructor_review
hello-travel-application/src/main/java/com/hellotravel/application/knowledge/service/KnowledgeApplication.java,manage,32,4,0,single_operation_or_constructor_review
hello-travel-application/src/main/java/com/hellotravel/application/knowledge/workflow/KnowledgeFlow.java,<init>,42,5,0,single_operation_or_constructor_review
hello-travel-application/src/main/java/com/hellotravel/application/knowledge/workflow/KnowledgeFlow.java,owned,63,4,1,flow_checked
hello-travel-application/src/main/java/com/hellotravel/application/knowledge/workflow/KnowledgeFlow.java,perform,86,24,2,flow_checked
hello-travel-application/src/main/java/com/hellotravel/application/knowledge/workflow/KnowledgeFlow.java,job,143,2,1,flow_checked
hello-travel-application/src/main/java/com/hellotravel/application/knowledge/workflow/KnowledgeFlow.java,view,158,1,0,single_operation_or_constructor_review
hello-travel-application/src/main/java/com/hellotravel/application/knowledge/workflow/KnowledgeFlow.java,list,175,4,1,flow_checked
hello-travel-application/src/main/java/com/hellotravel/application/knowledge/workflow/KnowledgeFlow.java,upload,191,20,2,flow_checked
hello-travel-application/src/main/java/com/hellotravel/application/knowledge/workflow/KnowledgeIndexer.java,<init>,70,7,0,single_operation_or_constructor_review
hello-travel-application/src/main/java/com/hellotravel/application/knowledge/workflow/KnowledgeIndexer.java,execute,93,24,2,flow_checked
hello-travel-application/src/main/java/com/hellotravel/application/knowledge/workflow/KnowledgeIndexer.java,split,146,9,1,flow_checked
hello-travel-application/src/main/java/com/hellotravel/application/knowledge/workflow/KnowledgeIndexer.java,current,161,4,1,flow_checked
hello-travel-application/src/main/java/com/hellotravel/application/knowledge/workflow/KnowledgeIndexer.java,state,175,7,1,flow_checked
hello-travel-application/src/main/java/com/hellotravel/application/knowledge/workflow/KnowledgeIndexer.java,finish,201,13,1,flow_checked
hello-travel-application/src/main/java/com/hellotravel/application/knowledge/workflow/KnowledgeIndexer.java,reconcile,250,34,2,flow_checked
hello-travel-application/src/main/java/com/hellotravel/application/knowledge/workflow/KnowledgeIndexer.java,sweepOrphans,346,14,1,flow_checked
hello-travel-application/src/main/java/com/hellotravel/application/knowledge/workflow/KnowledgeIndexer.java,require,375,2,0,single_operation_or_constructor_review
hello-travel-application/src/main/java/com/hellotravel/application/knowledge/workflow/KnowledgeIndexer.java,now,382,1,0,single_operation_or_constructor_review
hello-travel-application/src/main/java/com/hellotravel/application/knowledge/workflow/KnowledgeIndexer.java,claim,386,9,2,flow_checked
hello-travel-application/src/main/java/com/hellotravel/application/knowledge/workflow/KnowledgeIndexer.java,deleteArtifacts,409,5,1,flow_checked
hello-travel-application/src/main/java/com/hellotravel/application/knowledge/workflow/KnowledgeIndexer.java,indexBatch,433,29,3,flow_checked
hello-travel-application/src/main/java/com/hellotravel/application/knowledge/workflow/RagFlow.java,<init>,31,3,0,single_operation_or_constructor_review
hello-travel-application/src/main/java/com/hellotravel/application/knowledge/workflow/RagFlow.java,retrieve,46,25,1,flow_checked
hello-travel-application/src/main/java/com/hellotravel/application/mail/command/MailCommand.java,toString,19,1,0,single_operation_or_constructor_review
hello-travel-application/src/main/java/com/hellotravel/application/memory/workflow/MemoryFlow.java,<init>,56,5,0,single_operation_or_constructor_review
hello-travel-application/src/main/java/com/hellotravel/application/memory/workflow/MemoryFlow.java,recent,76,2,0,single_operation_or_constructor_review
hello-travel-application/src/main/java/com/hellotravel/application/memory/workflow/MemoryFlow.java,recentEntities,89,5,1,flow_checked
hello-travel-application/src/main/java/com/hellotravel/application/memory/workflow/MemoryFlow.java,older,113,8,1,flow_checked
hello-travel-application/src/main/java/com/hellotravel/application/memory/workflow/MemoryFlow.java,completePairs,143,12,1,flow_checked
hello-travel-application/src/main/java/com/hellotravel/application/memory/workflow/MemoryFlow.java,summary,173,2,1,flow_checked
hello-travel-application/src/main/java/com/hellotravel/application/memory/workflow/MemoryFlow.java,facts,194,16,1,flow_checked
hello-travel-application/src/main/java/com/hellotravel/application/memory/workflow/MemoryFlow.java,compress,244,21,2,flow_checked
hello-travel-application/src/main/java/com/hellotravel/application/memory/workflow/MemoryFlow.java,extract,349,20,1,flow_checked
hello-travel-application/src/main/java/com/hellotravel/application/memory/workflow/MemoryFlow.java,now,410,1,0,single_operation_or_constructor_review
hello-travel-application/src/main/java/com/hellotravel/application/memory/workflow/MemoryFlow.java,persistFacts,414,31,1,flow_checked
hello-travel-application/src/main/java/com/hellotravel/application/memory/workflow/MemoryFlow.java,recordExtraction,524,5,1,flow_checked
hello-travel-application/src/main/java/com/hellotravel/application/memory/workflow/MemoryFlow.java,reserveExtraction,554,5,2,flow_checked
hello-travel-application/src/main/java/com/hellotravel/application/memory/workflow/PrivacyCleanup.java,<init>,33,4,0,single_operation_or_constructor_review
hello-travel-application/src/main/java/com/hellotravel/application/memory/workflow/PrivacyCleanup.java,execute,50,29,2,flow_checked
hello-travel-application/src/main/java/com/hellotravel/application/model/command/ModelCommand.java,toString,26,1,0,single_operation_or_constructor_review
hello-travel-application/src/main/java/com/hellotravel/application/persistence/DomainWrites.java,<init>,72,1,0,single_operation_or_constructor_review
hello-travel-application/src/main/java/com/hellotravel/application/persistence/DomainWrites.java,saveUserAccount,83,1,0,single_operation_or_constructor_review
hello-travel-application/src/main/java/com/hellotravel/application/persistence/DomainWrites.java,removeUserAccount,94,1,0,single_operation_or_constructor_review
hello-travel-application/src/main/java/com/hellotravel/application/persistence/DomainWrites.java,saveDevice,105,1,0,single_operation_or_constructor_review
hello-travel-application/src/main/java/com/hellotravel/application/persistence/DomainWrites.java,removeDevice,116,1,0,single_operation_or_constructor_review
hello-travel-application/src/main/java/com/hellotravel/application/persistence/DomainWrites.java,saveLoginSession,127,1,0,single_operation_or_constructor_review
hello-travel-application/src/main/java/com/hellotravel/application/persistence/DomainWrites.java,removeLoginSession,138,1,0,single_operation_or_constructor_review
hello-travel-application/src/main/java/com/hellotravel/application/persistence/DomainWrites.java,saveEmailChallenge,149,1,0,single_operation_or_constructor_review
hello-travel-application/src/main/java/com/hellotravel/application/persistence/DomainWrites.java,removeEmailChallenge,161,1,0,single_operation_or_constructor_review
hello-travel-application/src/main/java/com/hellotravel/application/persistence/DomainWrites.java,saveConversation,172,1,0,single_operation_or_constructor_review
hello-travel-application/src/main/java/com/hellotravel/application/persistence/DomainWrites.java,removeConversation,183,1,0,single_operation_or_constructor_review
hello-travel-application/src/main/java/com/hellotravel/application/persistence/DomainWrites.java,saveMessage,194,1,0,single_operation_or_constructor_review
hello-travel-application/src/main/java/com/hellotravel/application/persistence/DomainWrites.java,removeMessage,205,1,0,single_operation_or_constructor_review
hello-travel-application/src/main/java/com/hellotravel/application/persistence/DomainWrites.java,saveChatRun,216,1,0,single_operation_or_constructor_review
hello-travel-application/src/main/java/com/hellotravel/application/persistence/DomainWrites.java,removeChatRun,227,1,0,single_operation_or_constructor_review
hello-travel-application/src/main/java/com/hellotravel/application/persistence/DomainWrites.java,saveMemorySummary,238,1,0,single_operation_or_constructor_review
hello-travel-application/src/main/java/com/hellotravel/application/persistence/DomainWrites.java,removeMemorySummary,249,1,0,single_operation_or_constructor_review
hello-travel-application/src/main/java/com/hellotravel/application/persistence/DomainWrites.java,saveMemoryFact,260,1,0,single_operation_or_constructor_review
hello-travel-application/src/main/java/com/hellotravel/application/persistence/DomainWrites.java,removeMemoryFact,271,1,0,single_operation_or_constructor_review
hello-travel-application/src/main/java/com/hellotravel/application/persistence/DomainWrites.java,saveMemoryFactSource,282,1,0,single_operation_or_constructor_review
hello-travel-application/src/main/java/com/hellotravel/application/persistence/DomainWrites.java,removeMemoryFactSource,294,1,0,single_operation_or_constructor_review
hello-travel-application/src/main/java/com/hellotravel/application/persistence/DomainWrites.java,saveKnowledgeDocument,306,1,0,single_operation_or_constructor_review
hello-travel-application/src/main/java/com/hellotravel/application/persistence/DomainWrites.java,removeKnowledgeDocument,318,1,0,single_operation_or_constructor_review
hello-travel-application/src/main/java/com/hellotravel/application/persistence/DomainWrites.java,saveKnowledgeChunk,330,1,0,single_operation_or_constructor_review
hello-travel-application/src/main/java/com/hellotravel/application/persistence/DomainWrites.java,removeKnowledgeChunk,342,1,0,single_operation_or_constructor_review
hello-travel-application/src/main/java/com/hellotravel/application/persistence/DomainWrites.java,saveIndexJob,353,1,0,single_operation_or_constructor_review
hello-travel-application/src/main/java/com/hellotravel/application/persistence/DomainWrites.java,removeIndexJob,364,1,0,single_operation_or_constructor_review
hello-travel-application/src/main/java/com/hellotravel/application/persistence/DomainWrites.java,saveSyncEvent,375,1,0,single_operation_or_constructor_review
hello-travel-application/src/main/java/com/hellotravel/application/persistence/DomainWrites.java,removeSyncEvent,386,1,0,single_operation_or_constructor_review
hello-travel-application/src/main/java/com/hellotravel/application/persistence/DomainWrites.java,saveOutboxEvent,397,1,0,single_operation_or_constructor_review
hello-travel-application/src/main/java/com/hellotravel/application/persistence/DomainWrites.java,removeOutboxEvent,408,1,0,single_operation_or_constructor_review
hello-travel-application/src/main/java/com/hellotravel/application/persistence/DomainWrites.java,saveModelInvocation,419,1,0,single_operation_or_constructor_review
hello-travel-application/src/main/java/com/hellotravel/application/persistence/DomainWrites.java,removeModelInvocation,431,1,0,single_operation_or_constructor_review
hello-travel-application/src/main/java/com/hellotravel/application/persistence/DomainWrites.java,saveRefreshReceipt,442,1,0,single_operation_or_constructor_review
hello-travel-application/src/main/java/com/hellotravel/application/persistence/DomainWrites.java,removeRefreshReceipt,454,1,0,single_operation_or_constructor_review
hello-travel-application/src/main/java/com/hellotravel/application/persistence/DomainWrites.java,required,458,3,1,flow_checked
hello-travel-application/src/main/java/com/hellotravel/application/persistence/TravelRepositories.java,<init>,65,17,0,single_operation_or_constructor_review
hello-travel-application/src/main/java/com/hellotravel/application/security/command/SecurityCommand.java,toString,20,1,0,single_operation_or_constructor_review
hello-travel-application/src/main/java/com/hellotravel/application/support/ApplicationFailures.java,<init>,23,0,0,single_operation_or_constructor_review
hello-travel-application/src/main/java/com/hellotravel/application/support/ApplicationFailures.java,capture,34,7,1,flow_checked
hello-travel-application/src/main/java/com/hellotravel/application/support/Json.java,<init>,25,0,0,single_operation_or_constructor_review
hello-travel-application/src/main/java/com/hellotravel/application/support/Json.java,encode,35,4,0,single_operation_or_constructor_review
hello-travel-application/src/main/java/com/hellotravel/application/support/Json.java,read,50,4,0,single_operation_or_constructor_review
hello-travel-application/src/main/java/com/hellotravel/application/sync/service/SyncApplication.java,<init>,27,1,0,single_operation_or_constructor_review
hello-travel-application/src/main/java/com/hellotravel/application/sync/service/SyncApplication.java,synchronize,38,14,1,flow_checked
hello-travel-application/src/main/java/com/hellotravel/application/sync/workflow/SyncEvents.java,<init>,27,2,0,single_operation_or_constructor_review
hello-travel-application/src/main/java/com/hellotravel/application/sync/workflow/SyncEvents.java,append,43,3,1,flow_checked
hello-travel-application/src/main/java/com/hellotravel/application/sync/workflow/SyncEvents.java,outbox,82,2,1,flow_checked
hello-travel-application/src/main/java/com/hellotravel/application/travel/workflow/RunCoordinator.java,<init>,43,4,0,single_operation_or_constructor_review
hello-travel-application/src/main/java/com/hellotravel/application/travel/workflow/RunCoordinator.java,claim,61,18,2,flow_checked
hello-travel-application/src/main/java/com/hellotravel/application/travel/workflow/RunCoordinator.java,requireCurrent,119,5,1,flow_checked
hello-travel-application/src/main/java/com/hellotravel/application/travel/workflow/RunCoordinator.java,checkpoint,146,6,1,flow_checked
hello-travel-application/src/main/java/com/hellotravel/application/travel/workflow/RunCoordinator.java,progress,186,13,2,flow_checked
hello-travel-application/src/main/java/com/hellotravel/application/travel/workflow/RunCoordinator.java,invocation,253,5,1,flow_checked
hello-travel-application/src/main/java/com/hellotravel/application/travel/workflow/RunCoordinator.java,invocationComplete,288,5,1,flow_checked
hello-travel-application/src/main/java/com/hellotravel/application/travel/workflow/RunCoordinator.java,finalizeAnswer,326,11,1,flow_checked
hello-travel-application/src/main/java/com/hellotravel/application/travel/workflow/RunCoordinator.java,fail,382,9,1,flow_checked
hello-travel-application/src/main/java/com/hellotravel/application/travel/workflow/RunCoordinator.java,recoverExpired,425,11,1,flow_checked
hello-travel-application/src/main/java/com/hellotravel/application/travel/workflow/RunCoordinator.java,recoverAccepted,476,13,1,flow_checked
hello-travel-application/src/main/java/com/hellotravel/application/travel/workflow/RunCoordinator.java,now,524,1,0,single_operation_or_constructor_review
hello-travel-application/src/main/java/com/hellotravel/application/travel/workflow/TravelGraph.java,<init>,49,6,0,single_operation_or_constructor_review
hello-travel-application/src/main/java/com/hellotravel/application/travel/workflow/TravelGraph.java,execute,70,31,7,flow_checked
hello-travel-application/src/main/java/com/hellotravel/application/travel/workflow/TravelGraph.java,load,150,12,1,flow_checked
hello-travel-application/src/main/java/com/hellotravel/application/travel/workflow/TravelGraph.java,intent,171,11,1,flow_checked
hello-travel-application/src/main/java/com/hellotravel/application/travel/workflow/TravelGraph.java,facts,212,10,1,flow_checked
hello-travel-application/src/main/java/com/hellotravel/application/travel/workflow/TravelGraph.java,system,237,1,0,single_operation_or_constructor_review
hello-travel-application/src/main/java/com/hellotravel/application/travel/workflow/TravelGraph.java,estimate,253,7,1,flow_checked
hello-travel-application/src/main/java/com/hellotravel/application/travel/workflow/TravelGraph.java,budget,270,11,1,flow_checked
hello-travel-application/src/main/java/com/hellotravel/application/travel/workflow/TravelGraph.java,checkpoint,295,2,1,flow_checked
hello-travel-application/src/main/java/com/hellotravel/application/travel/workflow/TravelGraph.java,budgetJson,302,6,1,flow_checked
hello-travel-application/src/main/java/com/hellotravel/application/travel/workflow/TravelGraph.java,answer,331,20,2,flow_checked
hello-travel-application/src/main/java/com/hellotravel/application/travel/workflow/TravelGraph.java,<init>,501,1,0,single_operation_or_constructor_review
hello-travel-application/src/main/java/com/hellotravel/application/tx/Transactions.java,<init>,32,3,0,single_operation_or_constructor_review
hello-travel-application/src/main/java/com/hellotravel/application/tx/Transactions.java,plain,49,4,1,flow_checked
hello-travel-application/src/main/java/com/hellotravel/application/tx/Transactions.java,snapshot,66,6,1,flow_checked
hello-travel-application/src/main/java/com/hellotravel/application/tx/Transactions.java,mutate,87,18,2,flow_checked
hello-travel-application/src/main/java/com/hellotravel/application/tx/Transactions.java,require,129,2,0,single_operation_or_constructor_review
hello-travel-client/src/main/java/com/hellotravel/client/auth/request/AuthRequest.java,toString,22,1,0,single_operation_or_constructor_review
hello-travel-client/src/main/java/com/hellotravel/client/auth/response/AuthResponse.java,toString,28,1,0,single_operation_or_constructor_review
hello-travel-common/src/main/java/com/hellotravel/common/error/BaseException.java,<init>,23,2,0,single_operation_or_constructor_review
hello-travel-common/src/main/java/com/hellotravel/common/error/BaseException.java,errorCode,34,1,0,single_operation_or_constructor_review
hello-travel-common/src/main/java/com/hellotravel/common/error/Failures.java,<init>,17,0,0,single_operation_or_constructor_review
hello-travel-common/src/main/java/com/hellotravel/common/error/Failures.java,capture,29,4,1,flow_checked
hello-travel-common/src/main/java/com/hellotravel/common/identity/Ids.java,<init>,36,0,0,single_operation_or_constructor_review
hello-travel-common/src/main/java/com/hellotravel/common/identity/Ids.java,next,45,16,1,flow_checked
hello-travel-common/src/main/java/com/hellotravel/common/identity/Ids.java,token,75,3,1,flow_checked
hello-travel-common/src/main/java/com/hellotravel/common/identity/Ids.java,hash,91,4,0,single_operation_or_constructor_review
hello-travel-common/src/main/java/com/hellotravel/common/result/Result.java,success,25,1,0,single_operation_or_constructor_review
hello-travel-common/src/main/java/com/hellotravel/common/result/Result.java,failure,37,1,0,single_operation_or_constructor_review
hello-travel-common/src/main/java/com/hellotravel/common/result/Result.java,require,47,3,1,flow_checked
hello-travel-domain/src/main/java/com/hellotravel/domain/auth/model/aggregate/DeviceAggregate.java,assertComplete,20,2,0,single_operation_or_constructor_review
hello-travel-domain/src/main/java/com/hellotravel/domain/auth/model/aggregate/DeviceAggregate.java,idForPersistence,33,1,0,single_operation_or_constructor_review
hello-travel-domain/src/main/java/com/hellotravel/domain/auth/model/aggregate/DeviceAggregate.java,assertWritableAgainst,43,3,1,flow_checked
hello-travel-domain/src/main/java/com/hellotravel/domain/auth/model/aggregate/DeviceAggregate.java,browser,61,1,0,single_operation_or_constructor_review
hello-travel-domain/src/main/java/com/hellotravel/domain/auth/model/aggregate/EmailChallengeAggregate.java,assertComplete,20,2,0,single_operation_or_constructor_review
hello-travel-domain/src/main/java/com/hellotravel/domain/auth/model/aggregate/EmailChallengeAggregate.java,idForPersistence,33,1,0,single_operation_or_constructor_review
hello-travel-domain/src/main/java/com/hellotravel/domain/auth/model/aggregate/EmailChallengeAggregate.java,assertWritableAgainst,43,3,1,flow_checked
hello-travel-domain/src/main/java/com/hellotravel/domain/auth/model/aggregate/EmailChallengeAggregate.java,consume,58,1,0,single_operation_or_constructor_review
hello-travel-domain/src/main/java/com/hellotravel/domain/auth/model/aggregate/EmailChallengeAggregate.java,failedAttempt,69,1,0,single_operation_or_constructor_review
hello-travel-domain/src/main/java/com/hellotravel/domain/auth/model/aggregate/EmailChallengeAggregate.java,delivery,81,1,0,single_operation_or_constructor_review
hello-travel-domain/src/main/java/com/hellotravel/domain/auth/model/aggregate/EmailChallengeAggregate.java,pendingDelivery,100,1,0,single_operation_or_constructor_review
hello-travel-domain/src/main/java/com/hellotravel/domain/auth/model/aggregate/LoginSessionAggregate.java,assertComplete,22,2,0,single_operation_or_constructor_review
hello-travel-domain/src/main/java/com/hellotravel/domain/auth/model/aggregate/LoginSessionAggregate.java,idForPersistence,35,1,0,single_operation_or_constructor_review
hello-travel-domain/src/main/java/com/hellotravel/domain/auth/model/aggregate/LoginSessionAggregate.java,assertWritableAgainst,45,3,1,flow_checked
hello-travel-domain/src/main/java/com/hellotravel/domain/auth/model/aggregate/LoginSessionAggregate.java,revoke,61,1,0,single_operation_or_constructor_review
hello-travel-domain/src/main/java/com/hellotravel/domain/auth/model/aggregate/LoginSessionAggregate.java,rotate,76,1,0,single_operation_or_constructor_review
hello-travel-domain/src/main/java/com/hellotravel/domain/auth/model/aggregate/LoginSessionAggregate.java,issue,95,1,0,single_operation_or_constructor_review
hello-travel-domain/src/main/java/com/hellotravel/domain/auth/model/aggregate/RefreshReceiptAggregate.java,assertComplete,20,2,0,single_operation_or_constructor_review
hello-travel-domain/src/main/java/com/hellotravel/domain/auth/model/aggregate/RefreshReceiptAggregate.java,idForPersistence,33,1,0,single_operation_or_constructor_review
hello-travel-domain/src/main/java/com/hellotravel/domain/auth/model/aggregate/RefreshReceiptAggregate.java,assertWritableAgainst,43,3,1,flow_checked
hello-travel-domain/src/main/java/com/hellotravel/domain/auth/model/aggregate/RefreshReceiptAggregate.java,consumed,63,1,0,single_operation_or_constructor_review
hello-travel-domain/src/main/java/com/hellotravel/domain/auth/model/aggregate/UserAccountAggregate.java,assertComplete,20,2,0,single_operation_or_constructor_review
hello-travel-domain/src/main/java/com/hellotravel/domain/auth/model/aggregate/UserAccountAggregate.java,idForPersistence,33,1,0,single_operation_or_constructor_review
hello-travel-domain/src/main/java/com/hellotravel/domain/auth/model/aggregate/UserAccountAggregate.java,assertWritableAgainst,43,3,1,flow_checked
hello-travel-domain/src/main/java/com/hellotravel/domain/auth/model/aggregate/UserAccountAggregate.java,advanceSync,58,1,0,single_operation_or_constructor_review
hello-travel-domain/src/main/java/com/hellotravel/domain/auth/model/aggregate/UserAccountAggregate.java,resetPassword,70,1,0,single_operation_or_constructor_review
hello-travel-domain/src/main/java/com/hellotravel/domain/auth/model/aggregate/UserAccountAggregate.java,registered,86,1,0,single_operation_or_constructor_review
hello-travel-domain/src/main/java/com/hellotravel/domain/auth/model/entity/DeviceEntity.java,<init>,37,1,0,single_operation_or_constructor_review
hello-travel-domain/src/main/java/com/hellotravel/domain/auth/model/entity/DeviceEntity.java,toString,48,1,0,single_operation_or_constructor_review
hello-travel-domain/src/main/java/com/hellotravel/domain/auth/model/entity/DeviceEntity.java,deviceKeyHash,59,1,0,single_operation_or_constructor_review
hello-travel-domain/src/main/java/com/hellotravel/domain/auth/model/entity/DeviceEntity.java,browser,72,2,1,flow_checked
hello-travel-domain/src/main/java/com/hellotravel/domain/auth/model/entity/DeviceEntity.java,assertUpdateAgainst,85,6,1,flow_checked
hello-travel-domain/src/main/java/com/hellotravel/domain/auth/model/entity/EmailChallengeEntity.java,<init>,50,2,0,single_operation_or_constructor_review
hello-travel-domain/src/main/java/com/hellotravel/domain/auth/model/entity/EmailChallengeEntity.java,consume,62,3,1,flow_checked
hello-travel-domain/src/main/java/com/hellotravel/domain/auth/model/entity/EmailChallengeEntity.java,failedAttempt,94,2,1,flow_checked
hello-travel-domain/src/main/java/com/hellotravel/domain/auth/model/entity/EmailChallengeEntity.java,delivery,124,1,0,single_operation_or_constructor_review
hello-travel-domain/src/main/java/com/hellotravel/domain/auth/model/entity/EmailChallengeEntity.java,toString,151,1,0,single_operation_or_constructor_review
hello-travel-domain/src/main/java/com/hellotravel/domain/auth/model/entity/EmailChallengeEntity.java,codeHmac,162,1,0,single_operation_or_constructor_review
hello-travel-domain/src/main/java/com/hellotravel/domain/auth/model/entity/EmailChallengeEntity.java,deliveryCiphertext,173,1,0,single_operation_or_constructor_review
hello-travel-domain/src/main/java/com/hellotravel/domain/auth/model/entity/EmailChallengeEntity.java,assertUpdateAgainst,184,4,1,flow_checked
hello-travel-domain/src/main/java/com/hellotravel/domain/auth/model/entity/EmailChallengeEntity.java,pendingDelivery,209,1,0,single_operation_or_constructor_review
hello-travel-domain/src/main/java/com/hellotravel/domain/auth/model/entity/LoginSessionEntity.java,<init>,53,3,0,single_operation_or_constructor_review
hello-travel-domain/src/main/java/com/hellotravel/domain/auth/model/entity/LoginSessionEntity.java,revoke,67,1,0,single_operation_or_constructor_review
hello-travel-domain/src/main/java/com/hellotravel/domain/auth/model/entity/LoginSessionEntity.java,rotate,99,3,1,flow_checked
hello-travel-domain/src/main/java/com/hellotravel/domain/auth/model/entity/LoginSessionEntity.java,toString,132,1,0,single_operation_or_constructor_review
hello-travel-domain/src/main/java/com/hellotravel/domain/auth/model/entity/LoginSessionEntity.java,accessTokenHash,143,1,0,single_operation_or_constructor_review
hello-travel-domain/src/main/java/com/hellotravel/domain/auth/model/entity/LoginSessionEntity.java,refreshTokenHash,153,1,0,single_operation_or_constructor_review
hello-travel-domain/src/main/java/com/hellotravel/domain/auth/model/entity/LoginSessionEntity.java,csrfTokenHash,163,1,0,single_operation_or_constructor_review
hello-travel-domain/src/main/java/com/hellotravel/domain/auth/model/entity/LoginSessionEntity.java,issue,180,4,1,flow_checked
hello-travel-domain/src/main/java/com/hellotravel/domain/auth/model/entity/LoginSessionEntity.java,assertUpdateAgainst,221,8,1,flow_checked
hello-travel-domain/src/main/java/com/hellotravel/domain/auth/model/entity/RefreshReceiptEntity.java,<init>,30,1,0,single_operation_or_constructor_review
hello-travel-domain/src/main/java/com/hellotravel/domain/auth/model/entity/RefreshReceiptEntity.java,toString,41,1,0,single_operation_or_constructor_review
hello-travel-domain/src/main/java/com/hellotravel/domain/auth/model/entity/RefreshReceiptEntity.java,tokenHash,52,1,0,single_operation_or_constructor_review
hello-travel-domain/src/main/java/com/hellotravel/domain/auth/model/entity/RefreshReceiptEntity.java,assertUpdateAgainst,62,2,0,single_operation_or_constructor_review
hello-travel-domain/src/main/java/com/hellotravel/domain/auth/model/entity/RefreshReceiptEntity.java,consumed,80,1,0,single_operation_or_constructor_review
hello-travel-domain/src/main/java/com/hellotravel/domain/auth/model/entity/UserAccountEntity.java,advanceSync,42,3,1,flow_checked
hello-travel-domain/src/main/java/com/hellotravel/domain/auth/model/entity/UserAccountEntity.java,resetPassword,69,1,0,single_operation_or_constructor_review
hello-travel-domain/src/main/java/com/hellotravel/domain/auth/model/entity/UserAccountEntity.java,toString,91,1,0,single_operation_or_constructor_review
hello-travel-domain/src/main/java/com/hellotravel/domain/auth/model/entity/UserAccountEntity.java,assertUpdateAgainst,102,4,1,flow_checked
hello-travel-domain/src/main/java/com/hellotravel/domain/auth/model/entity/UserAccountEntity.java,registered,124,3,1,flow_checked
hello-travel-domain/src/main/java/com/hellotravel/domain/auth/model/value/SessionCredentialsValue.java,<init>,19,5,0,single_operation_or_constructor_review
hello-travel-domain/src/main/java/com/hellotravel/domain/auth/model/value/SessionCredentialsValue.java,accessHash,36,1,0,single_operation_or_constructor_review
hello-travel-domain/src/main/java/com/hellotravel/domain/auth/model/value/SessionCredentialsValue.java,refreshHash,46,1,0,single_operation_or_constructor_review
hello-travel-domain/src/main/java/com/hellotravel/domain/auth/model/value/SessionCredentialsValue.java,csrfHash,56,1,0,single_operation_or_constructor_review
hello-travel-domain/src/main/java/com/hellotravel/domain/auth/model/value/SessionCredentialsValue.java,toString,66,1,0,single_operation_or_constructor_review
hello-travel-domain/src/main/java/com/hellotravel/domain/chat/model/aggregate/ChatRunAggregate.java,assertComplete,23,2,0,single_operation_or_constructor_review
hello-travel-domain/src/main/java/com/hellotravel/domain/chat/model/aggregate/ChatRunAggregate.java,idForPersistence,36,1,0,single_operation_or_constructor_review
hello-travel-domain/src/main/java/com/hellotravel/domain/chat/model/aggregate/ChatRunAggregate.java,assertWritableAgainst,46,3,1,flow_checked
hello-travel-domain/src/main/java/com/hellotravel/domain/chat/model/aggregate/ChatRunAggregate.java,claim,62,1,0,single_operation_or_constructor_review
hello-travel-domain/src/main/java/com/hellotravel/domain/chat/model/aggregate/ChatRunAggregate.java,finish,75,1,0,single_operation_or_constructor_review
hello-travel-domain/src/main/java/com/hellotravel/domain/chat/model/aggregate/ChatRunAggregate.java,retry,87,1,0,single_operation_or_constructor_review
hello-travel-domain/src/main/java/com/hellotravel/domain/chat/model/aggregate/ChatRunAggregate.java,checkpoint,101,1,0,single_operation_or_constructor_review
hello-travel-domain/src/main/java/com/hellotravel/domain/chat/model/aggregate/ChatRunAggregate.java,accepted,119,1,0,single_operation_or_constructor_review
hello-travel-domain/src/main/java/com/hellotravel/domain/chat/model/aggregate/ChatRunAggregate.java,contextBudget,143,1,0,single_operation_or_constructor_review
hello-travel-domain/src/main/java/com/hellotravel/domain/chat/model/aggregate/ConversationAggregate.java,assertComplete,20,2,0,single_operation_or_constructor_review
hello-travel-domain/src/main/java/com/hellotravel/domain/chat/model/aggregate/ConversationAggregate.java,idForPersistence,33,1,0,single_operation_or_constructor_review
hello-travel-domain/src/main/java/com/hellotravel/domain/chat/model/aggregate/ConversationAggregate.java,assertWritableAgainst,43,3,1,flow_checked
hello-travel-domain/src/main/java/com/hellotravel/domain/chat/model/aggregate/ConversationAggregate.java,appendPair,58,1,0,single_operation_or_constructor_review
hello-travel-domain/src/main/java/com/hellotravel/domain/chat/model/aggregate/ConversationAggregate.java,rename,70,1,0,single_operation_or_constructor_review
hello-travel-domain/src/main/java/com/hellotravel/domain/chat/model/aggregate/ConversationAggregate.java,eraseHistory,82,1,0,single_operation_or_constructor_review
hello-travel-domain/src/main/java/com/hellotravel/domain/chat/model/aggregate/ConversationAggregate.java,started,98,1,0,single_operation_or_constructor_review
hello-travel-domain/src/main/java/com/hellotravel/domain/chat/model/aggregate/MessageAggregate.java,assertComplete,21,2,0,single_operation_or_constructor_review
hello-travel-domain/src/main/java/com/hellotravel/domain/chat/model/aggregate/MessageAggregate.java,idForPersistence,34,1,0,single_operation_or_constructor_review
hello-travel-domain/src/main/java/com/hellotravel/domain/chat/model/aggregate/MessageAggregate.java,assertWritableAgainst,44,3,1,flow_checked
hello-travel-domain/src/main/java/com/hellotravel/domain/chat/model/aggregate/MessageAggregate.java,progress,62,1,0,single_operation_or_constructor_review
hello-travel-domain/src/main/java/com/hellotravel/domain/chat/model/aggregate/MessageAggregate.java,erase,73,1,0,single_operation_or_constructor_review
hello-travel-domain/src/main/java/com/hellotravel/domain/chat/model/aggregate/MessageAggregate.java,userInput,87,1,0,single_operation_or_constructor_review
hello-travel-domain/src/main/java/com/hellotravel/domain/chat/model/aggregate/MessageAggregate.java,assistantPlaceholder,101,1,0,single_operation_or_constructor_review
hello-travel-domain/src/main/java/com/hellotravel/domain/chat/model/aggregate/ModelInvocationAggregate.java,assertComplete,20,2,0,single_operation_or_constructor_review
hello-travel-domain/src/main/java/com/hellotravel/domain/chat/model/aggregate/ModelInvocationAggregate.java,idForPersistence,33,1,0,single_operation_or_constructor_review
hello-travel-domain/src/main/java/com/hellotravel/domain/chat/model/aggregate/ModelInvocationAggregate.java,assertWritableAgainst,43,3,1,flow_checked
hello-travel-domain/src/main/java/com/hellotravel/domain/chat/model/aggregate/ModelInvocationAggregate.java,extractionCompleted,63,1,0,single_operation_or_constructor_review
hello-travel-domain/src/main/java/com/hellotravel/domain/chat/model/aggregate/ModelInvocationAggregate.java,extractionStarted,88,1,0,single_operation_or_constructor_review
hello-travel-domain/src/main/java/com/hellotravel/domain/chat/model/aggregate/ModelInvocationAggregate.java,started,123,1,0,single_operation_or_constructor_review
hello-travel-domain/src/main/java/com/hellotravel/domain/chat/model/aggregate/ModelInvocationAggregate.java,completed,161,1,0,single_operation_or_constructor_review
hello-travel-domain/src/main/java/com/hellotravel/domain/chat/model/entity/ChatRunEntity.java,<init>,70,1,0,single_operation_or_constructor_review
hello-travel-domain/src/main/java/com/hellotravel/domain/chat/model/entity/ChatRunEntity.java,claim,82,3,1,flow_checked
hello-travel-domain/src/main/java/com/hellotravel/domain/chat/model/entity/ChatRunEntity.java,finish,124,1,0,single_operation_or_constructor_review
hello-travel-domain/src/main/java/com/hellotravel/domain/chat/model/entity/ChatRunEntity.java,retry,161,3,1,flow_checked
hello-travel-domain/src/main/java/com/hellotravel/domain/chat/model/entity/ChatRunEntity.java,checkpoint,204,1,0,single_operation_or_constructor_review
hello-travel-domain/src/main/java/com/hellotravel/domain/chat/model/entity/ChatRunEntity.java,toString,240,1,0,single_operation_or_constructor_review
hello-travel-domain/src/main/java/com/hellotravel/domain/chat/model/entity/ChatRunEntity.java,requestDigest,251,1,0,single_operation_or_constructor_review
hello-travel-domain/src/main/java/com/hellotravel/domain/chat/model/entity/ChatRunEntity.java,accepted,269,4,1,flow_checked
hello-travel-domain/src/main/java/com/hellotravel/domain/chat/model/entity/ChatRunEntity.java,assertUpdateAgainst,325,8,1,flow_checked
hello-travel-domain/src/main/java/com/hellotravel/domain/chat/model/entity/ChatRunEntity.java,contextBudget,354,1,0,single_operation_or_constructor_review
hello-travel-domain/src/main/java/com/hellotravel/domain/chat/model/entity/ConversationEntity.java,appendPair,44,3,1,flow_checked
hello-travel-domain/src/main/java/com/hellotravel/domain/chat/model/entity/ConversationEntity.java,rename,72,2,1,flow_checked
hello-travel-domain/src/main/java/com/hellotravel/domain/chat/model/entity/ConversationEntity.java,eraseHistory,98,1,0,single_operation_or_constructor_review
hello-travel-domain/src/main/java/com/hellotravel/domain/chat/model/entity/ConversationEntity.java,toString,121,1,0,single_operation_or_constructor_review
hello-travel-domain/src/main/java/com/hellotravel/domain/chat/model/entity/ConversationEntity.java,assertUpdateAgainst,132,8,1,flow_checked
hello-travel-domain/src/main/java/com/hellotravel/domain/chat/model/entity/ConversationEntity.java,started,162,4,1,flow_checked
hello-travel-domain/src/main/java/com/hellotravel/domain/chat/model/entity/ConversationEntity.java,normalizedTitle,197,3,1,flow_checked
hello-travel-domain/src/main/java/com/hellotravel/domain/chat/model/entity/MessageEntity.java,progress,49,3,1,flow_checked
hello-travel-domain/src/main/java/com/hellotravel/domain/chat/model/entity/MessageEntity.java,erase,79,1,0,single_operation_or_constructor_review
hello-travel-domain/src/main/java/com/hellotravel/domain/chat/model/entity/MessageEntity.java,toString,103,1,0,single_operation_or_constructor_review
hello-travel-domain/src/main/java/com/hellotravel/domain/chat/model/entity/MessageEntity.java,userInput,117,4,1,flow_checked
hello-travel-domain/src/main/java/com/hellotravel/domain/chat/model/entity/MessageEntity.java,assistantPlaceholder,149,4,1,flow_checked
hello-travel-domain/src/main/java/com/hellotravel/domain/chat/model/entity/MessageEntity.java,assertUpdateAgainst,179,10,1,flow_checked
hello-travel-domain/src/main/java/com/hellotravel/domain/chat/model/entity/ModelInvocationEntity.java,toString,64,1,0,single_operation_or_constructor_review
hello-travel-domain/src/main/java/com/hellotravel/domain/chat/model/entity/ModelInvocationEntity.java,assertUpdateAgainst,75,8,1,flow_checked
hello-travel-domain/src/main/java/com/hellotravel/domain/chat/model/entity/ModelInvocationEntity.java,extractionCompleted,105,1,0,single_operation_or_constructor_review
hello-travel-domain/src/main/java/com/hellotravel/domain/chat/model/entity/ModelInvocationEntity.java,extractionStarted,150,1,0,single_operation_or_constructor_review
hello-travel-domain/src/main/java/com/hellotravel/domain/chat/model/entity/ModelInvocationEntity.java,started,199,1,0,single_operation_or_constructor_review
hello-travel-domain/src/main/java/com/hellotravel/domain/chat/model/entity/ModelInvocationEntity.java,completed,249,1,0,single_operation_or_constructor_review
hello-travel-domain/src/main/java/com/hellotravel/domain/exception/DomainErrorCode.java,<init>,106,2,0,single_operation_or_constructor_review
hello-travel-domain/src/main/java/com/hellotravel/domain/exception/DomainErrorCode.java,code,117,1,0,single_operation_or_constructor_review
hello-travel-domain/src/main/java/com/hellotravel/domain/exception/DomainErrorCode.java,message,127,1,0,single_operation_or_constructor_review
hello-travel-domain/src/main/java/com/hellotravel/domain/exception/DomainErrorCode.java,status,137,1,0,single_operation_or_constructor_review
hello-travel-domain/src/main/java/com/hellotravel/domain/exception/DomainException.java,<init>,18,1,0,single_operation_or_constructor_review
hello-travel-domain/src/main/java/com/hellotravel/domain/knowledge/model/aggregate/IndexJobAggregate.java,assertComplete,20,2,0,single_operation_or_constructor_review
hello-travel-domain/src/main/java/com/hellotravel/domain/knowledge/model/aggregate/IndexJobAggregate.java,idForPersistence,33,1,0,single_operation_or_constructor_review
hello-travel-domain/src/main/java/com/hellotravel/domain/knowledge/model/aggregate/IndexJobAggregate.java,assertWritableAgainst,43,3,1,flow_checked
hello-travel-domain/src/main/java/com/hellotravel/domain/knowledge/model/aggregate/IndexJobAggregate.java,claim,60,1,0,single_operation_or_constructor_review
hello-travel-domain/src/main/java/com/hellotravel/domain/knowledge/model/aggregate/IndexJobAggregate.java,complete,73,1,0,single_operation_or_constructor_review
hello-travel-domain/src/main/java/com/hellotravel/domain/knowledge/model/aggregate/IndexJobAggregate.java,pending,90,1,0,single_operation_or_constructor_review
hello-travel-domain/src/main/java/com/hellotravel/domain/knowledge/model/aggregate/KnowledgeChunkAggregate.java,assertComplete,21,2,0,single_operation_or_constructor_review
hello-travel-domain/src/main/java/com/hellotravel/domain/knowledge/model/aggregate/KnowledgeChunkAggregate.java,idForPersistence,34,1,0,single_operation_or_constructor_review
hello-travel-domain/src/main/java/com/hellotravel/domain/knowledge/model/aggregate/KnowledgeChunkAggregate.java,assertWritableAgainst,44,3,1,flow_checked
hello-travel-domain/src/main/java/com/hellotravel/domain/knowledge/model/aggregate/KnowledgeChunkAggregate.java,pending,65,1,0,single_operation_or_constructor_review
hello-travel-domain/src/main/java/com/hellotravel/domain/knowledge/model/aggregate/KnowledgeChunkAggregate.java,ready,83,1,0,single_operation_or_constructor_review
hello-travel-domain/src/main/java/com/hellotravel/domain/knowledge/model/aggregate/KnowledgeChunkAggregate.java,deleted,95,1,0,single_operation_or_constructor_review
hello-travel-domain/src/main/java/com/hellotravel/domain/knowledge/model/aggregate/KnowledgeDocumentAggregate.java,assertComplete,20,2,0,single_operation_or_constructor_review
hello-travel-domain/src/main/java/com/hellotravel/domain/knowledge/model/aggregate/KnowledgeDocumentAggregate.java,idForPersistence,33,1,0,single_operation_or_constructor_review
hello-travel-domain/src/main/java/com/hellotravel/domain/knowledge/model/aggregate/KnowledgeDocumentAggregate.java,assertWritableAgainst,43,3,1,flow_checked
hello-travel-domain/src/main/java/com/hellotravel/domain/knowledge/model/aggregate/KnowledgeDocumentAggregate.java,transition,61,1,0,single_operation_or_constructor_review
hello-travel-domain/src/main/java/com/hellotravel/domain/knowledge/model/aggregate/KnowledgeDocumentAggregate.java,reindex,72,1,0,single_operation_or_constructor_review
hello-travel-domain/src/main/java/com/hellotravel/domain/knowledge/model/aggregate/KnowledgeDocumentAggregate.java,erase,83,1,0,single_operation_or_constructor_review
hello-travel-domain/src/main/java/com/hellotravel/domain/knowledge/model/aggregate/KnowledgeDocumentAggregate.java,received,105,1,0,single_operation_or_constructor_review
hello-travel-domain/src/main/java/com/hellotravel/domain/knowledge/model/entity/IndexJobEntity.java,toString,54,1,0,single_operation_or_constructor_review
hello-travel-domain/src/main/java/com/hellotravel/domain/knowledge/model/entity/IndexJobEntity.java,claim,67,3,1,flow_checked
hello-travel-domain/src/main/java/com/hellotravel/domain/knowledge/model/entity/IndexJobEntity.java,complete,101,3,1,flow_checked
hello-travel-domain/src/main/java/com/hellotravel/domain/knowledge/model/entity/IndexJobEntity.java,assertUpdateAgainst,133,8,1,flow_checked
hello-travel-domain/src/main/java/com/hellotravel/domain/knowledge/model/entity/IndexJobEntity.java,pending,164,1,0,single_operation_or_constructor_review
hello-travel-domain/src/main/java/com/hellotravel/domain/knowledge/model/entity/KnowledgeChunkEntity.java,<init>,49,1,0,single_operation_or_constructor_review
hello-travel-domain/src/main/java/com/hellotravel/domain/knowledge/model/entity/KnowledgeChunkEntity.java,toString,60,1,0,single_operation_or_constructor_review
hello-travel-domain/src/main/java/com/hellotravel/domain/knowledge/model/entity/KnowledgeChunkEntity.java,contentSha256,71,1,0,single_operation_or_constructor_review
hello-travel-domain/src/main/java/com/hellotravel/domain/knowledge/model/entity/KnowledgeChunkEntity.java,pending,88,2,1,flow_checked
hello-travel-domain/src/main/java/com/hellotravel/domain/knowledge/model/entity/KnowledgeChunkEntity.java,ready,122,3,1,flow_checked
hello-travel-domain/src/main/java/com/hellotravel/domain/knowledge/model/entity/KnowledgeChunkEntity.java,assertUpdateAgainst,152,10,1,flow_checked
hello-travel-domain/src/main/java/com/hellotravel/domain/knowledge/model/entity/KnowledgeChunkEntity.java,deleted,182,1,0,single_operation_or_constructor_review
hello-travel-domain/src/main/java/com/hellotravel/domain/knowledge/model/entity/KnowledgeDocumentEntity.java,<init>,65,1,0,single_operation_or_constructor_review
hello-travel-domain/src/main/java/com/hellotravel/domain/knowledge/model/entity/KnowledgeDocumentEntity.java,transition,79,3,1,flow_checked
hello-travel-domain/src/main/java/com/hellotravel/domain/knowledge/model/entity/KnowledgeDocumentEntity.java,reindex,117,3,1,flow_checked
hello-travel-domain/src/main/java/com/hellotravel/domain/knowledge/model/entity/KnowledgeDocumentEntity.java,erase,155,1,0,single_operation_or_constructor_review
hello-travel-domain/src/main/java/com/hellotravel/domain/knowledge/model/entity/KnowledgeDocumentEntity.java,toString,189,1,0,single_operation_or_constructor_review
hello-travel-domain/src/main/java/com/hellotravel/domain/knowledge/model/entity/KnowledgeDocumentEntity.java,contentSha256,200,1,0,single_operation_or_constructor_review
hello-travel-domain/src/main/java/com/hellotravel/domain/knowledge/model/entity/KnowledgeDocumentEntity.java,assertUpdateAgainst,211,8,1,flow_checked
hello-travel-domain/src/main/java/com/hellotravel/domain/knowledge/model/entity/KnowledgeDocumentEntity.java,received,247,1,0,single_operation_or_constructor_review
hello-travel-domain/src/main/java/com/hellotravel/domain/memory/model/aggregate/MemoryFactAggregate.java,assertComplete,22,2,0,single_operation_or_constructor_review
hello-travel-domain/src/main/java/com/hellotravel/domain/memory/model/aggregate/MemoryFactAggregate.java,idForPersistence,35,1,0,single_operation_or_constructor_review
hello-travel-domain/src/main/java/com/hellotravel/domain/memory/model/aggregate/MemoryFactAggregate.java,assertWritableAgainst,45,3,1,flow_checked
hello-travel-domain/src/main/java/com/hellotravel/domain/memory/model/aggregate/MemoryFactAggregate.java,reviseExplicit,62,1,0,single_operation_or_constructor_review
hello-travel-domain/src/main/java/com/hellotravel/domain/memory/model/aggregate/MemoryFactAggregate.java,explicit,77,1,0,single_operation_or_constructor_review
hello-travel-domain/src/main/java/com/hellotravel/domain/memory/model/aggregate/MemoryFactAggregate.java,propose,93,1,0,single_operation_or_constructor_review
hello-travel-domain/src/main/java/com/hellotravel/domain/memory/model/aggregate/MemoryFactAggregate.java,redacted,105,1,0,single_operation_or_constructor_review
hello-travel-domain/src/main/java/com/hellotravel/domain/memory/model/aggregate/MemoryFactSourceAggregate.java,assertComplete,20,2,0,single_operation_or_constructor_review
hello-travel-domain/src/main/java/com/hellotravel/domain/memory/model/aggregate/MemoryFactSourceAggregate.java,idForPersistence,33,1,0,single_operation_or_constructor_review
hello-travel-domain/src/main/java/com/hellotravel/domain/memory/model/aggregate/MemoryFactSourceAggregate.java,assertWritableAgainst,43,3,1,flow_checked
hello-travel-domain/src/main/java/com/hellotravel/domain/memory/model/aggregate/MemoryFactSourceAggregate.java,evidence,65,1,0,single_operation_or_constructor_review
hello-travel-domain/src/main/java/com/hellotravel/domain/memory/model/aggregate/MemorySummaryAggregate.java,assertComplete,20,2,0,single_operation_or_constructor_review
hello-travel-domain/src/main/java/com/hellotravel/domain/memory/model/aggregate/MemorySummaryAggregate.java,idForPersistence,33,1,0,single_operation_or_constructor_review
hello-travel-domain/src/main/java/com/hellotravel/domain/memory/model/aggregate/MemorySummaryAggregate.java,assertWritableAgainst,43,3,1,flow_checked
hello-travel-domain/src/main/java/com/hellotravel/domain/memory/model/aggregate/MemorySummaryAggregate.java,redacted,58,1,0,single_operation_or_constructor_review
hello-travel-domain/src/main/java/com/hellotravel/domain/memory/model/aggregate/MemorySummaryAggregate.java,compressed,79,1,0,single_operation_or_constructor_review
hello-travel-domain/src/main/java/com/hellotravel/domain/memory/model/entity/MemoryFactEntity.java,toString,52,1,0,single_operation_or_constructor_review
hello-travel-domain/src/main/java/com/hellotravel/domain/memory/model/entity/MemoryFactEntity.java,reviseExplicit,65,1,0,single_operation_or_constructor_review
hello-travel-domain/src/main/java/com/hellotravel/domain/memory/model/entity/MemoryFactEntity.java,explicit,95,2,1,flow_checked
hello-travel-domain/src/main/java/com/hellotravel/domain/memory/model/entity/MemoryFactEntity.java,assertUpdateAgainst,124,8,1,flow_checked
hello-travel-domain/src/main/java/com/hellotravel/domain/memory/model/entity/MemoryFactEntity.java,propose,153,1,0,single_operation_or_constructor_review
hello-travel-domain/src/main/java/com/hellotravel/domain/memory/model/entity/MemoryFactEntity.java,redacted,165,1,0,single_operation_or_constructor_review
hello-travel-domain/src/main/java/com/hellotravel/domain/memory/model/entity/MemoryFactSourceEntity.java,toString,35,1,0,single_operation_or_constructor_review
hello-travel-domain/src/main/java/com/hellotravel/domain/memory/model/entity/MemoryFactSourceEntity.java,assertUpdateAgainst,46,4,1,flow_checked
hello-travel-domain/src/main/java/com/hellotravel/domain/memory/model/entity/MemoryFactSourceEntity.java,evidence,70,1,0,single_operation_or_constructor_review
hello-travel-domain/src/main/java/com/hellotravel/domain/memory/model/entity/MemorySummaryEntity.java,toString,52,1,0,single_operation_or_constructor_review
hello-travel-domain/src/main/java/com/hellotravel/domain/memory/model/entity/MemorySummaryEntity.java,assertUpdateAgainst,63,8,1,flow_checked
hello-travel-domain/src/main/java/com/hellotravel/domain/memory/model/entity/MemorySummaryEntity.java,redacted,88,1,0,single_operation_or_constructor_review
hello-travel-domain/src/main/java/com/hellotravel/domain/memory/model/entity/MemorySummaryEntity.java,compressed,125,1,0,single_operation_or_constructor_review
hello-travel-domain/src/main/java/com/hellotravel/domain/memory/model/value/ContextBudgetValue.java,<init>,20,2,0,single_operation_or_constructor_review
hello-travel-domain/src/main/java/com/hellotravel/domain/memory/model/value/ContextBudgetValue.java,fits,33,1,0,single_operation_or_constructor_review
hello-travel-domain/src/main/java/com/hellotravel/domain/memory/model/value/ContextBudgetValue.java,needsCompression,43,1,0,single_operation_or_constructor_review
hello-travel-domain/src/main/java/com/hellotravel/domain/memory/model/value/ContextBudgetValue.java,estimate,54,1,0,single_operation_or_constructor_review
hello-travel-domain/src/main/java/com/hellotravel/domain/memory/model/value/FactProposalValue.java,<init>,20,2,0,single_operation_or_constructor_review
hello-travel-domain/src/main/java/com/hellotravel/domain/memory/model/value/FactProposalValue.java,accept,44,5,1,flow_checked
hello-travel-domain/src/main/java/com/hellotravel/domain/persistence/service/TravelWriteDomainService.java,<init>,103,17,0,single_operation_or_constructor_review
hello-travel-domain/src/main/java/com/hellotravel/domain/persistence/service/TravelWriteDomainService.java,saveUserAccount,147,14,1,flow_checked
hello-travel-domain/src/main/java/com/hellotravel/domain/persistence/service/TravelWriteDomainService.java,removeUserAccount,182,6,1,flow_checked
hello-travel-domain/src/main/java/com/hellotravel/domain/persistence/service/TravelWriteDomainService.java,saveDevice,202,14,1,flow_checked
hello-travel-domain/src/main/java/com/hellotravel/domain/persistence/service/TravelWriteDomainService.java,removeDevice,237,6,1,flow_checked
hello-travel-domain/src/main/java/com/hellotravel/domain/persistence/service/TravelWriteDomainService.java,saveLoginSession,257,14,1,flow_checked
hello-travel-domain/src/main/java/com/hellotravel/domain/persistence/service/TravelWriteDomainService.java,removeLoginSession,292,6,1,flow_checked
hello-travel-domain/src/main/java/com/hellotravel/domain/persistence/service/TravelWriteDomainService.java,saveEmailChallenge,313,14,1,flow_checked
hello-travel-domain/src/main/java/com/hellotravel/domain/persistence/service/TravelWriteDomainService.java,removeEmailChallenge,348,6,1,flow_checked
hello-travel-domain/src/main/java/com/hellotravel/domain/persistence/service/TravelWriteDomainService.java,saveConversation,369,14,1,flow_checked
hello-travel-domain/src/main/java/com/hellotravel/domain/persistence/service/TravelWriteDomainService.java,removeConversation,404,6,1,flow_checked
hello-travel-domain/src/main/java/com/hellotravel/domain/persistence/service/TravelWriteDomainService.java,saveMessage,425,14,1,flow_checked
hello-travel-domain/src/main/java/com/hellotravel/domain/persistence/service/TravelWriteDomainService.java,removeMessage,460,6,1,flow_checked
hello-travel-domain/src/main/java/com/hellotravel/domain/persistence/service/TravelWriteDomainService.java,saveChatRun,480,14,1,flow_checked
hello-travel-domain/src/main/java/com/hellotravel/domain/persistence/service/TravelWriteDomainService.java,removeChatRun,515,6,1,flow_checked
hello-travel-domain/src/main/java/com/hellotravel/domain/persistence/service/TravelWriteDomainService.java,saveMemorySummary,535,14,1,flow_checked
hello-travel-domain/src/main/java/com/hellotravel/domain/persistence/service/TravelWriteDomainService.java,removeMemorySummary,570,6,1,flow_checked
hello-travel-domain/src/main/java/com/hellotravel/domain/persistence/service/TravelWriteDomainService.java,saveMemoryFact,591,14,1,flow_checked
hello-travel-domain/src/main/java/com/hellotravel/domain/persistence/service/TravelWriteDomainService.java,removeMemoryFact,626,6,1,flow_checked
hello-travel-domain/src/main/java/com/hellotravel/domain/persistence/service/TravelWriteDomainService.java,saveMemoryFactSource,646,14,1,flow_checked
hello-travel-domain/src/main/java/com/hellotravel/domain/persistence/service/TravelWriteDomainService.java,removeMemoryFactSource,681,6,1,flow_checked
hello-travel-domain/src/main/java/com/hellotravel/domain/persistence/service/TravelWriteDomainService.java,saveKnowledgeDocument,702,14,1,flow_checked
hello-travel-domain/src/main/java/com/hellotravel/domain/persistence/service/TravelWriteDomainService.java,removeKnowledgeDocument,737,6,1,flow_checked
hello-travel-domain/src/main/java/com/hellotravel/domain/persistence/service/TravelWriteDomainService.java,saveKnowledgeChunk,758,14,1,flow_checked
hello-travel-domain/src/main/java/com/hellotravel/domain/persistence/service/TravelWriteDomainService.java,removeKnowledgeChunk,793,6,1,flow_checked
hello-travel-domain/src/main/java/com/hellotravel/domain/persistence/service/TravelWriteDomainService.java,saveIndexJob,814,14,1,flow_checked
hello-travel-domain/src/main/java/com/hellotravel/domain/persistence/service/TravelWriteDomainService.java,removeIndexJob,849,6,1,flow_checked
hello-travel-domain/src/main/java/com/hellotravel/domain/persistence/service/TravelWriteDomainService.java,saveSyncEvent,869,14,1,flow_checked
hello-travel-domain/src/main/java/com/hellotravel/domain/persistence/service/TravelWriteDomainService.java,removeSyncEvent,904,6,1,flow_checked
hello-travel-domain/src/main/java/com/hellotravel/domain/persistence/service/TravelWriteDomainService.java,saveOutboxEvent,924,14,1,flow_checked
hello-travel-domain/src/main/java/com/hellotravel/domain/persistence/service/TravelWriteDomainService.java,removeOutboxEvent,959,6,1,flow_checked
hello-travel-domain/src/main/java/com/hellotravel/domain/persistence/service/TravelWriteDomainService.java,saveModelInvocation,979,14,1,flow_checked
hello-travel-domain/src/main/java/com/hellotravel/domain/persistence/service/TravelWriteDomainService.java,removeModelInvocation,1014,6,1,flow_checked
hello-travel-domain/src/main/java/com/hellotravel/domain/persistence/service/TravelWriteDomainService.java,saveRefreshReceipt,1035,14,1,flow_checked
hello-travel-domain/src/main/java/com/hellotravel/domain/persistence/service/TravelWriteDomainService.java,removeRefreshReceipt,1070,6,1,flow_checked
hello-travel-domain/src/main/java/com/hellotravel/domain/query/model/value/QueryValue.java,<init>,22,3,0,single_operation_or_constructor_review
hello-travel-domain/src/main/java/com/hellotravel/domain/query/model/value/QueryValue.java,all,39,1,0,single_operation_or_constructor_review
hello-travel-domain/src/main/java/com/hellotravel/domain/query/model/value/QueryValue.java,where,52,3,1,flow_checked
hello-travel-domain/src/main/java/com/hellotravel/domain/query/model/value/QueryValue.java,desc,67,1,0,single_operation_or_constructor_review
hello-travel-domain/src/main/java/com/hellotravel/domain/sync/model/aggregate/OutboxEventAggregate.java,assertComplete,20,2,0,single_operation_or_constructor_review
hello-travel-domain/src/main/java/com/hellotravel/domain/sync/model/aggregate/OutboxEventAggregate.java,idForPersistence,33,1,0,single_operation_or_constructor_review
hello-travel-domain/src/main/java/com/hellotravel/domain/sync/model/aggregate/OutboxEventAggregate.java,assertWritableAgainst,43,3,1,flow_checked
hello-travel-domain/src/main/java/com/hellotravel/domain/sync/model/aggregate/OutboxEventAggregate.java,pending,65,1,0,single_operation_or_constructor_review
hello-travel-domain/src/main/java/com/hellotravel/domain/sync/model/aggregate/OutboxEventAggregate.java,claimed,94,1,0,single_operation_or_constructor_review
hello-travel-domain/src/main/java/com/hellotravel/domain/sync/model/aggregate/OutboxEventAggregate.java,completed,110,1,0,single_operation_or_constructor_review
hello-travel-domain/src/main/java/com/hellotravel/domain/sync/model/aggregate/SyncEventAggregate.java,assertComplete,20,2,0,single_operation_or_constructor_review
hello-travel-domain/src/main/java/com/hellotravel/domain/sync/model/aggregate/SyncEventAggregate.java,idForPersistence,33,1,0,single_operation_or_constructor_review
hello-travel-domain/src/main/java/com/hellotravel/domain/sync/model/aggregate/SyncEventAggregate.java,assertWritableAgainst,43,3,1,flow_checked
hello-travel-domain/src/main/java/com/hellotravel/domain/sync/model/aggregate/SyncEventAggregate.java,committed,67,1,0,single_operation_or_constructor_review
hello-travel-domain/src/main/java/com/hellotravel/domain/sync/model/entity/OutboxEventEntity.java,toString,56,1,0,single_operation_or_constructor_review
hello-travel-domain/src/main/java/com/hellotravel/domain/sync/model/entity/OutboxEventEntity.java,assertUpdateAgainst,67,6,1,flow_checked
hello-travel-domain/src/main/java/com/hellotravel/domain/sync/model/entity/OutboxEventEntity.java,pending,95,1,0,single_operation_or_constructor_review
hello-travel-domain/src/main/java/com/hellotravel/domain/sync/model/entity/OutboxEventEntity.java,claimed,134,1,0,single_operation_or_constructor_review
hello-travel-domain/src/main/java/com/hellotravel/domain/sync/model/entity/OutboxEventEntity.java,completed,168,1,0,single_operation_or_constructor_review
hello-travel-domain/src/main/java/com/hellotravel/domain/sync/model/entity/SyncEventEntity.java,toString,39,1,0,single_operation_or_constructor_review
hello-travel-domain/src/main/java/com/hellotravel/domain/sync/model/entity/SyncEventEntity.java,assertUpdateAgainst,50,2,0,single_operation_or_constructor_review
hello-travel-domain/src/main/java/com/hellotravel/domain/sync/model/entity/SyncEventEntity.java,committed,72,1,0,single_operation_or_constructor_review
hello-travel-infrastructure/src/main/java/com/hellotravel/infrastructure/TravelBaseRepository.java,conditions,29,28,1,flow_checked
hello-travel-infrastructure/src/main/java/com/hellotravel/infrastructure/auth/repository/DeviceRepositoryImpl.java,findById,36,2,1,flow_checked
hello-travel-infrastructure/src/main/java/com/hellotravel/infrastructure/auth/repository/DeviceRepositoryImpl.java,query,50,3,1,flow_checked
hello-travel-infrastructure/src/main/java/com/hellotravel/infrastructure/auth/repository/DeviceRepositoryImpl.java,save,77,11,1,flow_checked
hello-travel-infrastructure/src/main/java/com/hellotravel/infrastructure/auth/repository/DeviceRepositoryImpl.java,remove,109,1,0,single_operation_or_constructor_review
hello-travel-infrastructure/src/main/java/com/hellotravel/infrastructure/auth/repository/DeviceRepositoryImpl.java,restore,113,1,0,single_operation_or_constructor_review
hello-travel-infrastructure/src/main/java/com/hellotravel/infrastructure/auth/repository/DeviceRepositoryImpl.java,toPersistence,127,11,1,flow_checked
hello-travel-infrastructure/src/main/java/com/hellotravel/infrastructure/auth/repository/EmailChallengeRepositoryImpl.java,findById,37,2,1,flow_checked
hello-travel-infrastructure/src/main/java/com/hellotravel/infrastructure/auth/repository/EmailChallengeRepositoryImpl.java,query,51,3,1,flow_checked
hello-travel-infrastructure/src/main/java/com/hellotravel/infrastructure/auth/repository/EmailChallengeRepositoryImpl.java,save,85,11,1,flow_checked
hello-travel-infrastructure/src/main/java/com/hellotravel/infrastructure/auth/repository/EmailChallengeRepositoryImpl.java,remove,117,1,0,single_operation_or_constructor_review
hello-travel-infrastructure/src/main/java/com/hellotravel/infrastructure/auth/repository/EmailChallengeRepositoryImpl.java,restore,121,1,0,single_operation_or_constructor_review
hello-travel-infrastructure/src/main/java/com/hellotravel/infrastructure/auth/repository/EmailChallengeRepositoryImpl.java,toPersistence,142,18,1,flow_checked
hello-travel-infrastructure/src/main/java/com/hellotravel/infrastructure/auth/repository/LoginSessionRepositoryImpl.java,findById,37,2,1,flow_checked
hello-travel-infrastructure/src/main/java/com/hellotravel/infrastructure/auth/repository/LoginSessionRepositoryImpl.java,query,51,3,1,flow_checked
hello-travel-infrastructure/src/main/java/com/hellotravel/infrastructure/auth/repository/LoginSessionRepositoryImpl.java,save,86,11,1,flow_checked
hello-travel-infrastructure/src/main/java/com/hellotravel/infrastructure/auth/repository/LoginSessionRepositoryImpl.java,remove,118,1,0,single_operation_or_constructor_review
hello-travel-infrastructure/src/main/java/com/hellotravel/infrastructure/auth/repository/LoginSessionRepositoryImpl.java,restore,122,1,0,single_operation_or_constructor_review
hello-travel-infrastructure/src/main/java/com/hellotravel/infrastructure/auth/repository/LoginSessionRepositoryImpl.java,toPersistence,144,19,1,flow_checked
hello-travel-infrastructure/src/main/java/com/hellotravel/infrastructure/auth/repository/RefreshReceiptRepositoryImpl.java,findById,37,2,1,flow_checked
hello-travel-infrastructure/src/main/java/com/hellotravel/infrastructure/auth/repository/RefreshReceiptRepositoryImpl.java,query,51,3,1,flow_checked
hello-travel-infrastructure/src/main/java/com/hellotravel/infrastructure/auth/repository/RefreshReceiptRepositoryImpl.java,save,75,9,1,flow_checked
hello-travel-infrastructure/src/main/java/com/hellotravel/infrastructure/auth/repository/RefreshReceiptRepositoryImpl.java,remove,100,1,0,single_operation_or_constructor_review
hello-travel-infrastructure/src/main/java/com/hellotravel/infrastructure/auth/repository/RefreshReceiptRepositoryImpl.java,restore,104,1,0,single_operation_or_constructor_review
hello-travel-infrastructure/src/main/java/com/hellotravel/infrastructure/auth/repository/RefreshReceiptRepositoryImpl.java,toPersistence,115,8,1,flow_checked
hello-travel-infrastructure/src/main/java/com/hellotravel/infrastructure/auth/repository/UserAccountRepositoryImpl.java,findById,37,2,1,flow_checked
hello-travel-infrastructure/src/main/java/com/hellotravel/infrastructure/auth/repository/UserAccountRepositoryImpl.java,query,51,3,1,flow_checked
hello-travel-infrastructure/src/main/java/com/hellotravel/infrastructure/auth/repository/UserAccountRepositoryImpl.java,save,80,11,1,flow_checked
hello-travel-infrastructure/src/main/java/com/hellotravel/infrastructure/auth/repository/UserAccountRepositoryImpl.java,remove,112,1,0,single_operation_or_constructor_review
hello-travel-infrastructure/src/main/java/com/hellotravel/infrastructure/auth/repository/UserAccountRepositoryImpl.java,restore,116,1,0,single_operation_or_constructor_review
hello-travel-infrastructure/src/main/java/com/hellotravel/infrastructure/auth/repository/UserAccountRepositoryImpl.java,toPersistence,132,13,1,flow_checked
hello-travel-infrastructure/src/main/java/com/hellotravel/infrastructure/chat/repository/ChatRunRepositoryImpl.java,findById,36,2,1,flow_checked
hello-travel-infrastructure/src/main/java/com/hellotravel/infrastructure/chat/repository/ChatRunRepositoryImpl.java,query,50,3,1,flow_checked
hello-travel-infrastructure/src/main/java/com/hellotravel/infrastructure/chat/repository/ChatRunRepositoryImpl.java,save,93,11,1,flow_checked
hello-travel-infrastructure/src/main/java/com/hellotravel/infrastructure/chat/repository/ChatRunRepositoryImpl.java,remove,125,1,0,single_operation_or_constructor_review
hello-travel-infrastructure/src/main/java/com/hellotravel/infrastructure/chat/repository/ChatRunRepositoryImpl.java,restore,129,1,0,single_operation_or_constructor_review
hello-travel-infrastructure/src/main/java/com/hellotravel/infrastructure/chat/repository/ChatRunRepositoryImpl.java,toPersistence,159,27,1,flow_checked
hello-travel-infrastructure/src/main/java/com/hellotravel/infrastructure/chat/repository/ConversationRepositoryImpl.java,findById,37,2,1,flow_checked
hello-travel-infrastructure/src/main/java/com/hellotravel/infrastructure/chat/repository/ConversationRepositoryImpl.java,query,51,3,1,flow_checked
hello-travel-infrastructure/src/main/java/com/hellotravel/infrastructure/chat/repository/ConversationRepositoryImpl.java,save,81,11,1,flow_checked
hello-travel-infrastructure/src/main/java/com/hellotravel/infrastructure/chat/repository/ConversationRepositoryImpl.java,remove,113,1,0,single_operation_or_constructor_review
hello-travel-infrastructure/src/main/java/com/hellotravel/infrastructure/chat/repository/ConversationRepositoryImpl.java,restore,117,1,0,single_operation_or_constructor_review
hello-travel-infrastructure/src/main/java/com/hellotravel/infrastructure/chat/repository/ConversationRepositoryImpl.java,toPersistence,134,14,1,flow_checked
hello-travel-infrastructure/src/main/java/com/hellotravel/infrastructure/chat/repository/MessageRepositoryImpl.java,findById,36,2,1,flow_checked
hello-travel-infrastructure/src/main/java/com/hellotravel/infrastructure/chat/repository/MessageRepositoryImpl.java,query,50,3,1,flow_checked
hello-travel-infrastructure/src/main/java/com/hellotravel/infrastructure/chat/repository/MessageRepositoryImpl.java,save,81,11,1,flow_checked
hello-travel-infrastructure/src/main/java/com/hellotravel/infrastructure/chat/repository/MessageRepositoryImpl.java,remove,113,1,0,single_operation_or_constructor_review
hello-travel-infrastructure/src/main/java/com/hellotravel/infrastructure/chat/repository/MessageRepositoryImpl.java,restore,117,1,0,single_operation_or_constructor_review
hello-travel-infrastructure/src/main/java/com/hellotravel/infrastructure/chat/repository/MessageRepositoryImpl.java,toPersistence,135,15,1,flow_checked
hello-travel-infrastructure/src/main/java/com/hellotravel/infrastructure/chat/repository/ModelInvocationRepositoryImpl.java,findById,37,2,1,flow_checked
hello-travel-infrastructure/src/main/java/com/hellotravel/infrastructure/chat/repository/ModelInvocationRepositoryImpl.java,query,51,3,1,flow_checked
hello-travel-infrastructure/src/main/java/com/hellotravel/infrastructure/chat/repository/ModelInvocationRepositoryImpl.java,save,91,11,1,flow_checked
hello-travel-infrastructure/src/main/java/com/hellotravel/infrastructure/chat/repository/ModelInvocationRepositoryImpl.java,remove,123,1,0,single_operation_or_constructor_review
hello-travel-infrastructure/src/main/java/com/hellotravel/infrastructure/chat/repository/ModelInvocationRepositoryImpl.java,restore,127,1,0,single_operation_or_constructor_review
hello-travel-infrastructure/src/main/java/com/hellotravel/infrastructure/chat/repository/ModelInvocationRepositoryImpl.java,toPersistence,154,24,1,flow_checked
hello-travel-infrastructure/src/main/java/com/hellotravel/infrastructure/exception/InfrastructureErrorCode.java,<init>,106,2,0,single_operation_or_constructor_review
hello-travel-infrastructure/src/main/java/com/hellotravel/infrastructure/exception/InfrastructureErrorCode.java,code,117,1,0,single_operation_or_constructor_review
hello-travel-infrastructure/src/main/java/com/hellotravel/infrastructure/exception/InfrastructureErrorCode.java,message,127,1,0,single_operation_or_constructor_review
hello-travel-infrastructure/src/main/java/com/hellotravel/infrastructure/exception/InfrastructureErrorCode.java,status,137,1,0,single_operation_or_constructor_review
hello-travel-infrastructure/src/main/java/com/hellotravel/infrastructure/exception/InfrastructureException.java,<init>,18,1,0,single_operation_or_constructor_review
hello-travel-infrastructure/src/main/java/com/hellotravel/infrastructure/knowledge/repository/IndexJobRepositoryImpl.java,findById,36,2,1,flow_checked
hello-travel-infrastructure/src/main/java/com/hellotravel/infrastructure/knowledge/repository/IndexJobRepositoryImpl.java,query,50,3,1,flow_checked
hello-travel-infrastructure/src/main/java/com/hellotravel/infrastructure/knowledge/repository/IndexJobRepositoryImpl.java,save,85,11,1,flow_checked
hello-travel-infrastructure/src/main/java/com/hellotravel/infrastructure/knowledge/repository/IndexJobRepositoryImpl.java,remove,117,1,0,single_operation_or_constructor_review
hello-travel-infrastructure/src/main/java/com/hellotravel/infrastructure/knowledge/repository/IndexJobRepositoryImpl.java,restore,121,1,0,single_operation_or_constructor_review
hello-travel-infrastructure/src/main/java/com/hellotravel/infrastructure/knowledge/repository/IndexJobRepositoryImpl.java,toPersistence,143,19,1,flow_checked
hello-travel-infrastructure/src/main/java/com/hellotravel/infrastructure/knowledge/repository/KnowledgeChunkRepositoryImpl.java,findById,37,2,1,flow_checked
hello-travel-infrastructure/src/main/java/com/hellotravel/infrastructure/knowledge/repository/KnowledgeChunkRepositoryImpl.java,query,51,3,1,flow_checked
hello-travel-infrastructure/src/main/java/com/hellotravel/infrastructure/knowledge/repository/KnowledgeChunkRepositoryImpl.java,save,84,11,1,flow_checked
hello-travel-infrastructure/src/main/java/com/hellotravel/infrastructure/knowledge/repository/KnowledgeChunkRepositoryImpl.java,remove,116,1,0,single_operation_or_constructor_review
hello-travel-infrastructure/src/main/java/com/hellotravel/infrastructure/knowledge/repository/KnowledgeChunkRepositoryImpl.java,restore,120,1,0,single_operation_or_constructor_review
hello-travel-infrastructure/src/main/java/com/hellotravel/infrastructure/knowledge/repository/KnowledgeChunkRepositoryImpl.java,toPersistence,140,17,1,flow_checked
hello-travel-infrastructure/src/main/java/com/hellotravel/infrastructure/knowledge/repository/KnowledgeDocumentRepositoryImpl.java,findById,37,2,1,flow_checked
hello-travel-infrastructure/src/main/java/com/hellotravel/infrastructure/knowledge/repository/KnowledgeDocumentRepositoryImpl.java,query,51,3,1,flow_checked
hello-travel-infrastructure/src/main/java/com/hellotravel/infrastructure/knowledge/repository/KnowledgeDocumentRepositoryImpl.java,save,92,11,1,flow_checked
hello-travel-infrastructure/src/main/java/com/hellotravel/infrastructure/knowledge/repository/KnowledgeDocumentRepositoryImpl.java,remove,124,1,0,single_operation_or_constructor_review
hello-travel-infrastructure/src/main/java/com/hellotravel/infrastructure/knowledge/repository/KnowledgeDocumentRepositoryImpl.java,restore,128,1,0,single_operation_or_constructor_review
hello-travel-infrastructure/src/main/java/com/hellotravel/infrastructure/knowledge/repository/KnowledgeDocumentRepositoryImpl.java,toPersistence,156,25,1,flow_checked
hello-travel-infrastructure/src/main/java/com/hellotravel/infrastructure/memory/repository/MemoryFactRepositoryImpl.java,findById,36,2,1,flow_checked
hello-travel-infrastructure/src/main/java/com/hellotravel/infrastructure/memory/repository/MemoryFactRepositoryImpl.java,query,50,3,1,flow_checked
hello-travel-infrastructure/src/main/java/com/hellotravel/infrastructure/memory/repository/MemoryFactRepositoryImpl.java,save,83,11,1,flow_checked
hello-travel-infrastructure/src/main/java/com/hellotravel/infrastructure/memory/repository/MemoryFactRepositoryImpl.java,remove,115,1,0,single_operation_or_constructor_review
hello-travel-infrastructure/src/main/java/com/hellotravel/infrastructure/memory/repository/MemoryFactRepositoryImpl.java,restore,119,1,0,single_operation_or_constructor_review
hello-travel-infrastructure/src/main/java/com/hellotravel/infrastructure/memory/repository/MemoryFactRepositoryImpl.java,toPersistence,139,17,1,flow_checked
hello-travel-infrastructure/src/main/java/com/hellotravel/infrastructure/memory/repository/MemoryFactSourceRepositoryImpl.java,findById,37,2,1,flow_checked
hello-travel-infrastructure/src/main/java/com/hellotravel/infrastructure/memory/repository/MemoryFactSourceRepositoryImpl.java,query,51,3,1,flow_checked
hello-travel-infrastructure/src/main/java/com/hellotravel/infrastructure/memory/repository/MemoryFactSourceRepositoryImpl.java,save,77,9,1,flow_checked
hello-travel-infrastructure/src/main/java/com/hellotravel/infrastructure/memory/repository/MemoryFactSourceRepositoryImpl.java,remove,102,1,0,single_operation_or_constructor_review
hello-travel-infrastructure/src/main/java/com/hellotravel/infrastructure/memory/repository/MemoryFactSourceRepositoryImpl.java,restore,106,1,0,single_operation_or_constructor_review
hello-travel-infrastructure/src/main/java/com/hellotravel/infrastructure/memory/repository/MemoryFactSourceRepositoryImpl.java,toPersistence,119,10,1,flow_checked
hello-travel-infrastructure/src/main/java/com/hellotravel/infrastructure/memory/repository/MemorySummaryRepositoryImpl.java,findById,37,2,1,flow_checked
hello-travel-infrastructure/src/main/java/com/hellotravel/infrastructure/memory/repository/MemorySummaryRepositoryImpl.java,query,51,3,1,flow_checked
hello-travel-infrastructure/src/main/java/com/hellotravel/infrastructure/memory/repository/MemorySummaryRepositoryImpl.java,save,85,11,1,flow_checked
hello-travel-infrastructure/src/main/java/com/hellotravel/infrastructure/memory/repository/MemorySummaryRepositoryImpl.java,remove,117,1,0,single_operation_or_constructor_review
hello-travel-infrastructure/src/main/java/com/hellotravel/infrastructure/memory/repository/MemorySummaryRepositoryImpl.java,restore,121,1,0,single_operation_or_constructor_review
hello-travel-infrastructure/src/main/java/com/hellotravel/infrastructure/memory/repository/MemorySummaryRepositoryImpl.java,toPersistence,142,18,1,flow_checked
hello-travel-infrastructure/src/main/java/com/hellotravel/infrastructure/sync/repository/OutboxEventRepositoryImpl.java,findById,37,2,1,flow_checked
hello-travel-infrastructure/src/main/java/com/hellotravel/infrastructure/sync/repository/OutboxEventRepositoryImpl.java,query,51,3,1,flow_checked
hello-travel-infrastructure/src/main/java/com/hellotravel/infrastructure/sync/repository/OutboxEventRepositoryImpl.java,save,87,11,1,flow_checked
hello-travel-infrastructure/src/main/java/com/hellotravel/infrastructure/sync/repository/OutboxEventRepositoryImpl.java,remove,119,1,0,single_operation_or_constructor_review
hello-travel-infrastructure/src/main/java/com/hellotravel/infrastructure/sync/repository/OutboxEventRepositoryImpl.java,restore,123,1,0,single_operation_or_constructor_review
hello-travel-infrastructure/src/main/java/com/hellotravel/infrastructure/sync/repository/OutboxEventRepositoryImpl.java,toPersistence,146,20,1,flow_checked
hello-travel-infrastructure/src/main/java/com/hellotravel/infrastructure/sync/repository/SyncEventRepositoryImpl.java,findById,36,2,1,flow_checked
hello-travel-infrastructure/src/main/java/com/hellotravel/infrastructure/sync/repository/SyncEventRepositoryImpl.java,query,50,3,1,flow_checked
hello-travel-infrastructure/src/main/java/com/hellotravel/infrastructure/sync/repository/SyncEventRepositoryImpl.java,save,78,9,1,flow_checked
hello-travel-infrastructure/src/main/java/com/hellotravel/infrastructure/sync/repository/SyncEventRepositoryImpl.java,remove,103,1,0,single_operation_or_constructor_review
hello-travel-infrastructure/src/main/java/com/hellotravel/infrastructure/sync/repository/SyncEventRepositoryImpl.java,restore,107,1,0,single_operation_or_constructor_review
hello-travel-infrastructure/src/main/java/com/hellotravel/infrastructure/sync/repository/SyncEventRepositoryImpl.java,toPersistence,122,12,1,flow_checked
hello-travel-model/src/main/java/com/hellotravel/model/security/SecurityDO.java,toString,18,1,0,single_operation_or_constructor_review
hello-travel-model/src/main/java/com/hellotravel/model/travel/ModelDO.java,toString,28,1,0,single_operation_or_constructor_review
hello-travel-start/src/main/java/com/hellotravel/start/Application.java,main,27,1,0,single_operation_or_constructor_review
hello-travel-start/src/main/java/com/hellotravel/start/Application.java,mybatisPlusInterceptor,37,3,1,flow_checked
hello-travel-start/src/main/java/com/hellotravel/start/config/DomainConfiguration.java,travelWriteDomainService,24,1,0,single_operation_or_constructor_review
hello-travel-start/src/main/java/com/hellotravel/start/config/ProductionConfiguration.java,<init>,20,1,0,single_operation_or_constructor_review
hello-travel-start/src/main/java/com/hellotravel/start/config/ProductionConfiguration.java,verify,29,16,1,flow_checked
hello-travel-start/src/main/java/com/hellotravel/start/config/ProtocolConfiguration.java,integerStrings,23,2,0,single_operation_or_constructor_review
